#{"t_start": 1789632599.2627285, "env_id": "None"}
r,l,t,is_success,terminal_reason
-3.306541,100,1.15181,False,max_steps
12.604566,85,1.178801,True,success
-1.505185,100,1.293734,False,max_steps
13.442968,19,1.301144,True,success
12.560261,9,1.303821,True,success
-17.671774,60,1.322152,False,out_of_bounds
-15.275311,67,1.342823,False,out_of_bounds
-4.873843,100,1.43286,False,max_steps
-7.238276,100,1.462385,False,max_steps
12.490637,64,1.483532,True,success
11.428843,85,1.567959,True,success
-1.624551,100,1.600062,False,max_steps
11.839717,5,1.601849,True,success
-4.931767,100,1.63348,False,max_steps
-0.546554,100,1.765642,False,max_steps
2.403895,100,1.798256,False,max_steps
0.073732,100,1.888744,False,max_steps
-2.850661,100,1.919155,False,max_steps
-0.33818,100,1.951529,False,max_steps
12.777638,40,1.966072,True,success
0.166621,100,2.060171,False,max_steps
-5.68794,100,2.09352,False,max_steps
1.015244,100,2.185315,False,max_steps
-4.054947,100,2.21686,False,max_steps
11.411391,37,2.229162,True,success
-3.478311,100,2.323868,False,max_steps
-0.048785,100,2.356748,False,max_steps
13.129288,39,2.368674,True,success
11.930055,83,2.39455,True,success
10.892361,53,2.46944,True,success
-1.141581,100,2.499261,False,max_steps
13.358804,20,2.505379,True,success
12.56741,36,2.51722,True,success
-13.395075,61,2.596754,False,out_of_bounds
12.090848,63,2.615996,True,success
12.467599,15,2.620993,True,success
12.244293,6,2.622799,True,success
11.959994,16,2.627615,True,success
-2.351803,100,2.657749,False,max_steps
13.558281,15,2.662384,True,success
12.552269,15,2.667051,True,success
-0.014268,100,2.755595,False,max_steps
10.359779,85,2.782246,True,success
12.269136,57,2.799929,True,success
12.253983,54,2.884116,True,success
13.429645,17,2.889903,True,success
-1.72126,100,2.92239,False,max_steps
-1.162242,100,2.955111,False,max_steps
11.611471,9,2.958197,True,success
0.824582,100,3.054399,False,max_steps
13.024546,64,3.077034,True,success
14.371485,11,3.081701,True,success
13.640773,13,3.085935,True,success
11.873578,19,3.092286,True,success
13.695073,31,3.101645,True,success
11.715599,17,3.107147,True,success
13.108822,19,3.173117,True,success
13.858043,17,3.178294,True,success
-1.326408,100,3.211383,False,max_steps
12.681973,38,3.223995,True,success
12.94584,35,3.234559,True,success
12.325462,27,3.242705,True,success
12.779082,23,3.249452,True,success
11.729896,40,3.326209,True,success
12.623699,45,3.341113,True,success
13.850397,23,3.348163,True,success
12.680514,14,3.353025,True,success
11.236506,11,3.356444,True,success
13.055847,9,3.3591,True,success
11.303571,15,3.363669,True,success
12.21453,66,3.385005,True,success
11.633198,100,3.480901,True,success
12.242031,14,3.486162,True,success
12.381938,42,3.498984,True,success
11.520889,9,3.502476,True,success
13.763176,30,3.511451,True,success
12.363487,50,3.526929,True,success
13.328966,17,3.532435,True,success
13.136924,39,3.599821,True,success
13.677217,30,3.609472,True,success
13.772012,30,3.619398,True,success
11.365053,21,3.62661,True,success
11.052834,98,3.657393,True,success
13.484767,35,3.667686,True,success
13.356043,69,3.750284,True,success
12.695813,12,3.754067,True,success
13.887139,17,3.75929,True,success
11.386362,20,3.766217,True,success
14.083773,22,3.772854,True,success
13.615001,13,3.776791,True,success
13.87552,16,3.781755,True,success
12.287554,25,3.789223,True,success
13.276671,12,3.794068,True,success
11.043511,52,3.810582,True,success
11.936958,9,3.813471,True,success
11.900636,10,3.816391,True,success
13.148618,50,3.894977,True,success
11.805806,14,3.90007,True,success
13.316503,57,3.919378,True,success
11.849941,57,3.936784,True,success
14.306044,20,3.942688,True,success
11.646812,7,3.945757,True,success
11.120211,92,4.037528,True,success
13.403404,7,4.040716,True,success
13.032489,12,4.045098,True,success
12.747753,34,4.057936,True,success
13.791804,9,4.061,True,success
13.490171,13,4.065109,True,success
11.508585,16,4.06995,True,success
12.122295,32,4.079184,True,success
12.631898,29,4.087897,True,success
14.304511,15,4.092429,True,success
13.768059,22,4.099628,True,success
12.63498,38,4.111297,True,success
11.316803,35,4.182074,True,success
12.608538,11,4.185359,True,success
12.993778,21,4.192057,True,success
13.5529,13,4.196411,True,success
13.118998,53,4.21271,True,success
11.689111,12,4.216437,True,success
13.58055,23,4.223479,True,success
12.704872,8,4.225961,True,success
13.603801,29,4.234586,True,success
12.556187,10,4.237703,True,success
12.454904,10,4.240632,True,success
13.804526,28,4.248999,True,success
11.879032,19,4.315123,True,success
13.357697,23,4.322004,True,success
11.675951,14,4.326522,True,success
13.093367,16,4.331377,True,success
14.099987,10,4.335106,True,success
11.794726,12,4.339375,True,success
11.432528,26,4.349644,True,success
11.784565,5,4.351794,True,success
11.564792,6,4.353684,True,success
12.144421,12,4.358292,True,success
13.459645,7,4.360569,True,success
12.506948,7,4.363449,True,success
12.807186,12,4.366992,True,success
13.758524,12,4.370793,True,success
12.161336,10,4.37439,True,success
11.911172,9,4.377263,True,success
12.451225,6,4.379081,True,success
12.130469,33,4.389006,True,success
11.496126,11,4.392356,True,success
11.339286,15,4.396847,True,success
11.585297,18,4.459353,True,success
14.13597,13,4.463182,True,success
13.512847,28,4.473173,True,success
13.363882,14,4.477268,True,success
11.57399,13,4.482068,True,success
12.781244,9,4.485185,True,success
12.972306,9,4.488051,True,success
13.08529,10,4.49099,True,success
11.516169,33,4.501138,True,success
12.517623,9,4.503813,True,success
12.369737,18,4.509166,True,success
12.414793,11,4.512587,True,success
13.121437,25,4.519949,True,success
13.925428,38,4.531586,True,success
12.710141,11,4.598823,True,success
12.958377,9,4.601649,True,success
13.140753,14,4.6061,True,success
12.804474,9,4.608773,True,success
12.36701,11,4.612175,True,success
11.857036,13,4.615955,True,success
14.145003,13,4.621367,True,success
13.022291,17,4.627326,True,success
13.466744,8,4.629749,True,success
14.004482,10,4.632967,True,success
14.180258,13,4.637669,True,success
13.006743,11,4.641242,True,success
13.460801,23,4.648128,True,success
12.070909,5,4.649755,True,success
11.507398,10,4.652825,True,success
11.948774,12,4.656439,True,success
13.08727,15,4.660938,True,success
12.795167,11,4.664594,True,success
13.601333,9,4.667604,True,success
13.402465,9,4.670255,True,success
11.937143,11,4.673462,True,success
11.523887,6,4.675406,True,success
12.940486,12,4.678988,True,success
13.297528,13,4.744044,True,success
13.794917,15,4.748442,True,success
12.354027,7,4.750719,True,success
12.101981,16,4.755878,True,success
11.598948,16,4.760932,True,success
12.596014,8,4.763397,True,success
13.833514,9,4.766311,True,success
13.928516,13,4.770349,True,success
12.600151,9,4.774685,True,success
14.246629,24,4.782223,True,success
13.994275,25,4.791345,True,success
13.719903,20,4.797308,True,success
11.588043,4,4.798601,True,success
13.261752,16,4.803724,True,success
12.563853,6,4.805563,True,success
12.104889,6,4.807463,True,success
12.670672,9,4.810094,True,success
14.40938,15,4.814602,True,success
11.636712,7,4.817421,True,success
14.172795,9,4.820204,True,success
13.613329,17,4.88473,True,success
14.080028,16,4.88962,True,success
13.490917,12,4.893824,True,success
13.948505,9,4.897927,True,success
11.950037,13,4.901808,True,success
13.428925,12,4.905449,True,success
14.099003,11,4.908854,True,success
11.378082,7,4.911506,True,success
11.714045,12,4.915809,True,success
13.789725,13,4.92054,True,success
13.879186,14,4.925415,True,success
13.783149,12,4.928918,True,success
13.650804,8,4.931588,True,success
14.011004,12,4.935081,True,success
12.028335,8,4.93752,True,success
12.729478,10,4.941041,True,success
13.23438,13,4.945454,True,success
12.021217,5,4.9471,True,success
12.134015,6,4.949272,True,success
13.482592,9,4.952058,True,success
13.135448,13,4.956007,True,success
12.961479,16,4.961949,True,success
14.051142,18,4.967434,True,success
11.721925,7,5.029613,True,success
11.859521,6,5.031653,True,success
12.924022,6,5.033459,True,success
13.515852,7,5.035781,True,success
11.655941,7,5.037875,True,success
12.080026,15,5.042479,True,success
13.432531,10,5.045598,True,success
14.269149,14,5.049894,True,success
12.940636,12,5.053397,True,success
12.657861,9,5.056286,True,success
11.735981,4,5.057549,True,success
12.632739,9,5.060697,True,success
13.005961,10,5.063953,True,success
12.304119,16,5.068557,True,success
11.879863,4,5.069908,True,success
12.231716,8,5.072285,True,success
12.437815,19,5.077998,True,success
12.066529,10,5.080963,True,success
12.988766,9,5.083797,True,success
13.417797,10,5.086863,True,success
12.331615,5,5.08838,True,success
12.794332,11,5.092115,True,success
13.000701,20,5.098091,True,success
13.219691,9,5.100763,True,success
13.893847,16,5.105939,True,success
12.632613,14,5.177064,True,success
13.689876,9,5.179748,True,success
13.882875,11,5.183904,True,success
11.541383,9,5.186564,True,success
13.791146,8,5.189075,True,success
12.137814,5,5.190637,True,success
11.599772,27,5.199472,True,success
13.564522,18,5.206878,True,success
13.729989,9,5.209806,True,success
12.579132,10,5.213345,True,success
13.163692,11,5.216752,True,success
12.346524,5,5.218269,True,success
14.490204,10,5.221154,True,success
12.212262,4,5.222466,True,success
13.19903,17,5.227647,True,success
13.254238,7,5.230328,True,success
11.826743,8,5.232685,True,success
12.192832,6,5.234473,True,success
13.835178,23,5.241388,True,success
13.144788,10,5.244625,True,success
14.486747,12,5.248117,True,success
12.515291,15,5.252687,True,success
11.982161,6,5.2545,True,success
12.452553,12,5.316186,True,success
11.680578,5,5.317955,True,success
14.030931,8,5.32106,True,success
12.104669,4,5.322325,True,success
12.782189,11,5.325516,True,success
12.670006,6,5.327483,True,success
12.194337,4,5.328715,True,success
13.186756,13,5.332755,True,success
13.268235,17,5.338413,True,success
11.470831,7,5.340605,True,success
13.124483,10,5.343603,True,success
14.133889,12,5.347101,True,success
13.380465,21,5.354569,True,success
12.864216,17,5.359528,True,success
13.349782,11,5.363776,True,success
12.457359,5,5.365503,True,success
13.145279,11,5.368993,True,success
12.620412,7,5.371094,True,success
13.032593,17,5.376235,True,success
12.724205,5,5.377821,True,success
11.821798,7,5.380991,True,success
12.527177,8,5.384561,True,success
13.466288,9,5.387247,True,success
12.32056,5,5.38878,True,success
13.127126,10,5.391863,True,success
13.066944,6,5.393994,True,success
13.434284,18,5.463328,True,success
13.482503,7,5.465684,True,success
13.707648,8,5.468167,True,success
11.585078,4,5.469497,True,success
12.750976,9,5.47218,True,success
13.230854,6,5.474113,True,success
14.330017,9,5.476754,True,success
13.641477,14,5.48101,True,success
12.533595,8,5.483354,True,success
11.443221,9,5.48635,True,success
12.721693,13,5.49014,True,success
12.855049,5,5.491647,True,success
12.813207,10,5.494768,True,success
11.516326,4,5.495981,True,success
13.655192,8,5.498311,True,success
13.882206,16,5.505129,True,success
12.31931,5,5.507577,True,success
12.061996,4,5.50895,True,success
13.608926,12,5.513002,True,success
13.874742,12,5.517377,True,success
13.774911,18,5.522898,True,success
12.262463,14,5.526933,True,success
13.884592,8,5.52942,True,success
12.779863,6,5.531323,True,success
11.576563,6,5.533116,True,success
14.055717,10,5.536227,True,success
11.915059,6,5.538183,True,success
12.215302,7,5.540255,True,success
12.164448,15,5.544923,True,success
12.40037,8,5.606699,True,success
14.137693,15,5.611661,True,success
11.787939,8,5.614079,True,success
13.422038,7,5.616175,True,success
14.252551,10,5.619314,True,success
12.70759,7,5.622058,True,success
13.058879,12,5.626016,True,success
13.731445,11,5.629477,True,success
12.531745,12,5.633181,True,success
12.849401,7,5.635301,True,success
12.515533,10,5.638934,True,success
11.895432,7,5.641234,True,success
12.806269,5,5.642785,True,success
12.302439,10,5.645714,True,success
14.30081,11,5.649125,True,success
12.894711,6,5.651139,True,success
13.970813,15,5.656412,True,success
12.19943,9,5.659111,True,success
12.864212,9,5.661903,True,success
12.992807,10,5.664883,True,success
12.223869,4,5.666095,True,success
12.324356,8,5.66911,True,success
13.778627,10,5.672061,True,success
12.921758,16,5.676873,True,success
13.549994,10,5.679806,True,success
12.640419,9,5.682747,True,success
13.684983,10,5.685696,True,success
14.010551,9,5.754729,True,success
11.830944,4,5.756002,True,success
11.535536,9,5.75891,True,success
14.443222,8,5.761895,True,success
12.476897,13,5.765947,True,success
14.302168,12,5.769429,True,success
11.644927,7,5.771674,True,success
11.32723,10,5.774638,True,success
12.744544,6,5.777179,True,success
11.527875,4,5.77897,True,success
12.542997,5,5.781019,True,success
13.493196,8,5.783705,True,success
12.494857,11,5.787679,True,success
12.604956,8,5.790456,True,success
11.598799,5,5.792284,True,success
11.403296,3,5.793251,True,success
12.775021,7,5.795323,True,success
12.730609,15,5.799965,True,success
13.795624,8,5.802323,True,success
12.56924,11,5.805961,True,success
12.723296,9,5.809141,True,success
11.947507,8,5.812124,True,success
14.045259,16,5.817093,True,success
12.642721,12,5.821201,True,success
12.049408,7,5.823411,True,success
11.64388,3,5.824342,True,success
11.482563,4,5.825544,True,success
11.527866,8,5.828058,True,success
13.374936,6,5.829847,True,success
12.996165,10,5.832748,True,success
14.078578,10,5.836515,True,success
13.767668,7,5.895228,True,success
11.765572,3,5.896404,True,success
13.982497,12,5.900353,True,success
13.981317,13,5.904324,True,success
13.362351,9,5.906972,True,success
12.432092,12,5.910702,True,success
12.32755,8,5.913389,True,success
13.494119,7,5.915946,True,success
12.625272,7,5.918207,True,success
11.612786,3,5.919161,True,success
12.329995,5,5.920656,True,success
11.757728,4,5.921859,True,success
13.575308,12,5.925491,True,success
12.180966,5,5.92701,True,success
13.317475,12,5.930809,True,success
11.656939,4,5.932203,True,success
12.010748,5,5.934144,True,success
14.158911,11,5.937361,True,success
11.381828,3,5.938435,True,success
13.166245,6,5.940214,True,success
13.933799,9,5.942928,True,success
12.778711,9,5.94591,True,success
12.060975,8,5.94836,True,success
13.337221,8,5.950713,True,success
13.312164,10,5.954797,True,success
11.299906,3,5.955775,True,success
11.963985,5,5.957591,True,success
12.294079,6,5.960121,True,success
12.886639,5,5.962023,True,success
13.318865,15,5.966935,True,success
13.019779,8,5.969299,True,success
14.4708,10,5.972245,True,success
12.723054,12,5.97653,True,success
13.586492,8,6.036834,True,success
12.779948,7,6.039057,True,success
14.317557,11,6.043181,True,success
13.352509,9,6.045849,True,success
14.370358,10,6.048808,True,success
11.944109,5,6.050514,True,success
14.094247,11,6.055487,True,success
12.692962,5,6.057583,True,success
13.847625,14,6.062242,True,success
13.126409,9,6.065092,True,success
13.362067,14,6.070018,True,success
13.213376,10,6.073013,True,success
13.929446,10,6.075919,True,success
13.506818,20,6.081853,True,success
12.146604,5,6.084137,True,success
11.414638,3,6.085127,True,success
12.576263,6,6.086987,True,success
14.197447,9,6.089611,True,success
12.186968,6,6.091592,True,success
13.360767,8,6.094177,True,success
12.975373,11,6.098706,True,success
13.094044,12,6.102452,True,success
12.366577,9,6.105455,True,success
12.013545,5,6.107094,True,success
13.253649,6,6.10888,True,success
14.535879,10,6.11194,True,success
11.508548,8,6.115648,True,success
13.921032,10,6.119831,True,success
11.832527,8,6.184186,True,success
12.862772,11,6.1876,True,success
11.989736,5,6.189851,True,success
12.670153,5,6.191466,True,success
13.522517,7,6.193528,True,success
11.576701,4,6.194868,True,success
12.202828,6,6.19682,True,success
13.989932,15,6.201136,True,success
14.092986,11,6.204995,True,success
14.067002,9,6.207714,True,success
12.08506,7,6.21003,True,success
13.222257,6,6.211825,True,success
13.846345,7,6.213888,True,success
13.275274,11,6.217294,True,success
12.16856,5,6.218795,True,success
13.671725,14,6.223186,True,success
13.420549,8,6.225626,True,success
12.373174,5,6.227122,True,success
13.48035,9,6.229917,True,success
11.922567,4,6.231145,True,success
11.707314,7,6.233204,True,success
11.706924,5,6.234779,True,success
14.131515,12,6.23843,True,success
12.68684,8,6.240784,True,success
12.044747,5,6.242279,True,success
14.053935,8,6.244897,True,success
12.205304,7,6.246961,True,success
12.19418,5,6.248453,True,success
11.768282,7,6.250793,True,success
13.901935,8,6.25316,True,success
12.992305,6,6.254954,True,success
13.182102,7,6.257045,True,success
12.734734,19,6.262656,True,success
11.577773,8,6.330841,True,success
12.87573,6,6.33268,True,success
12.072269,6,6.334663,True,success
11.927374,6,6.336461,True,success
11.732919,5,6.337963,True,success
14.137222,8,6.340308,True,success
13.10688,9,6.343067,True,success
12.401576,6,6.345779,True,success
11.959043,5,6.347905,True,success
13.854385,10,6.350904,True,success
12.773172,28,6.35923,True,success
13.989282,8,6.36225,True,success
11.363565,4,6.364223,True,success
13.774991,7,6.366678,True,success
13.734352,11,6.37013,True,success
11.786215,8,6.372484,True,success
12.592413,8,6.375423,True,success
11.527553,3,6.376625,True,success
12.567372,5,6.378174,True,success
12.682662,5,6.379681,True,success
11.700365,5,6.381172,True,success
12.422862,6,6.383238,True,success
12.089335,10,6.38673,True,success
12.78595,7,6.388794,True,success
13.226028,8,6.391489,True,success
14.175238,10,6.394433,True,success
11.805992,4,6.395651,True,success
13.731439,8,6.398185,True,success
13.088263,8,6.400527,True,success
13.536861,10,6.403576,True,success
12.873816,10,6.406681,True,success
12.305981,6,6.408484,True,success
12.473183,6,6.410419,True,success
12.576624,8,6.474836,True,success
13.919233,8,6.477712,True,success
13.941162,9,6.481148,True,success
13.291628,6,6.483201,True,success
12.611071,7,6.486141,True,success
11.595332,21,6.493723,True,success
13.172057,9,6.497202,True,success
13.303533,7,6.499481,True,success
12.161699,9,6.502754,True,success
13.587413,7,6.504918,True,success
12.248214,6,6.507104,True,success
11.648227,3,6.508211,True,success
11.850141,9,6.511252,True,success
13.243123,12,6.51517,True,success
11.8071,10,6.518083,True,success
13.522439,12,6.521763,True,success
13.077414,9,6.524496,True,success
13.558347,9,6.527178,True,success
14.136069,13,6.53236,True,success
13.250155,8,6.534731,True,success
12.80582,5,6.536376,True,success
13.168523,8,6.538706,True,success
14.353284,11,6.541913,True,success
12.447408,5,6.544217,True,success
12.720484,6,6.546942,True,success
12.231143,6,6.54941,True,success
13.985679,11,6.553138,True,success
14.096494,10,6.556213,True,success
13.490789,7,6.55846,True,success
13.507414,8,6.560798,True,success
12.682605,6,6.620279,True,success
13.551315,7,6.62241,True,success
12.071325,6,6.62421,True,success
12.487389,6,6.626168,True,success
13.766732,8,6.628532,True,success
12.153621,5,6.630021,True,success
12.554692,7,6.632133,True,success
13.953247,8,6.63605,True,success
13.725509,8,6.639158,True,success
12.590047,6,6.641114,True,success
11.96811,4,6.642343,True,success
12.959233,7,6.64441,True,success
14.111403,7,6.646666,True,success
11.588546,3,6.647619,True,success
13.614036,7,6.649956,True,success
13.858056,8,6.652363,True,success
11.826027,4,6.653727,True,success
12.058885,7,6.6558,True,success
12.849047,7,6.657851,True,success
13.344038,8,6.660372,True,success
14.462928,10,6.663691,True,success
13.019408,10,6.666833,True,success
13.453561,7,6.669567,True,success
12.236602,4,6.670804,True,success
12.791186,9,6.673902,True,success
13.552072,8,6.676388,True,success
13.711319,10,6.679546,True,success
13.946705,12,6.68332,True,success
12.632144,6,6.685105,True,success
13.653354,10,6.688143,True,success
14.173681,9,6.690769,True,success
14.154161,10,6.693774,True,success
11.800865,5,6.695604,True,success
11.42527,6,6.697443,True,success
11.221814,6,6.699205,True,success
13.540145,10,6.763836,True,success
13.625429,8,6.766834,True,success
11.809958,6,6.76869,True,success
13.9679,9,6.771532,True,success
12.829156,7,6.774539,True,success
11.62059,3,6.775591,True,success
13.63385,10,6.779182,True,success
13.632485,8,6.781549,True,success
13.422825,8,6.783895,True,success
12.534119,6,6.785961,True,success
11.877207,4,6.787192,True,success
11.582539,6,6.790063,True,success
12.020989,4,6.7919,True,success
13.876219,11,6.79616,True,success
14.378952,10,6.799289,True,success
13.570853,7,6.801454,True,success
12.63043,7,6.803711,True,success
14.279708,11,6.80753,True,success
12.225149,7,6.809611,True,success
13.474939,7,6.811672,True,success
13.729145,10,6.814753,True,success
13.374211,7,6.816822,True,success
13.581661,9,6.821005,True,success
11.38288,9,6.824418,True,success
12.805926,5,6.826331,True,success
12.656987,7,6.828763,True,success
13.94346,9,6.831432,True,success
12.672132,9,6.834906,True,success
13.031757,7,6.837058,True,success
13.128268,7,6.839141,True,success
11.762342,5,6.840699,True,success
11.988322,6,6.842877,True,success
13.457142,8,6.845248,True,success
14.146634,12,6.850073,True,success
13.00117,6,6.916528,True,success
11.810368,4,6.918154,True,success
13.272641,9,6.920896,True,success
13.271857,9,6.923546,True,success
11.430396,8,6.926471,True,success
12.592244,10,6.929426,True,success
11.767822,5,6.931043,True,success
12.608478,8,6.93365,True,success
11.564735,6,6.935441,True,success
12.267894,5,6.936927,True,success
12.150238,5,6.938583,True,success
14.447184,9,6.942364,True,success
11.620683,3,6.943815,True,success
13.151704,6,6.94616,True,success
14.036373,8,6.948531,True,success
13.94226,8,6.95087,True,success
14.579009,10,6.954073,True,success
12.428473,5,6.956111,True,success
14.179046,11,6.960063,True,success
13.636571,11,6.963278,True,success
14.226674,10,6.966397,True,success
12.765248,8,6.968733,True,success
12.47357,9,6.971529,True,success
13.275076,7,6.973891,True,success
12.386479,7,6.976724,True,success
11.562818,3,6.977689,True,success
12.935652,15,6.982403,True,success
12.579546,8,6.984751,True,success
13.424831,7,6.987581,True,success
14.132005,9,6.990226,True,success
12.492893,6,6.992002,True,success
13.251827,6,6.99403,True,success
13.528462,7,6.99617,True,success
12.166503,7,6.99824,True,success
12.571624,5,7.057966,True,success
11.876812,5,7.059639,True,success
12.404592,5,7.061642,True,success
12.883819,8,7.064303,True,success
12.239008,5,7.065833,True,success
13.969394,14,7.070012,True,success
13.310016,13,7.073949,True,success
14.123734,9,7.076761,True,success
14.181269,9,7.079654,True,success
11.395011,3,7.080601,True,success
13.704716,8,7.082961,True,success
11.302467,3,7.084063,True,success
14.018472,9,7.086821,True,success
12.971459,7,7.088878,True,success
13.8584,7,7.091176,True,success
13.79334,8,7.094355,True,success
13.156537,7,7.097573,True,success
12.054853,7,7.099928,True,success
12.820725,7,7.102006,True,success
14.295678,8,7.104393,True,success
13.965416,10,7.108162,True,success
13.26596,6,7.109982,True,success
12.732263,8,7.11256,True,success
13.564128,17,7.117486,True,success
13.017007,8,7.120142,True,success
13.388273,6,7.122468,True,success
12.507184,5,7.124014,True,success
11.640461,5,7.125594,True,success
13.779709,7,7.127727,True,success
12.191491,6,7.129492,True,success
11.301784,7,7.131529,True,success
12.559023,12,7.135259,True,success
11.69216,6,7.137293,True,success
12.561267,11,7.199067,True,success
11.37021,6,7.200929,True,success
12.910266,8,7.203583,True,success
11.880239,4,7.204813,True,success
12.382915,12,7.208291,True,success
14.114221,8,7.210964,True,success
13.643626,8,7.213401,True,success
11.585358,4,7.21463,True,success
13.812939,8,7.217158,True,success
12.575983,5,7.218667,True,success
11.534323,3,7.219589,True,success
14.285746,13,7.223605,True,success
11.386929,4,7.224863,True,success
12.258285,8,7.227395,True,success
11.403375,4,7.228617,True,success
13.851,9,7.231409,True,success
11.509909,3,7.232342,True,success
11.737816,5,7.233837,True,success
14.352129,10,7.236869,True,success
12.703338,5,7.238371,True,success
11.538574,3,7.239285,True,success
12.472427,6,7.241237,True,success
12.126633,7,7.243375,True,success
11.645592,3,7.244502,True,success
13.744278,8,7.246866,True,success
14.185149,9,7.249473,True,success
14.203406,13,7.253536,True,success
13.727266,11,7.257298,True,success
12.936057,7,7.259911,True,success
14.526709,10,7.263021,True,success
12.578303,11,7.266397,True,success
12.684687,10,7.269293,True,success
12.688745,7,7.271986,True,success
11.644853,3,7.272967,True,success
12.514489,7,7.275034,True,success
13.13088,7,7.277105,True,success
12.180588,5,7.278742,True,success
14.168318,10,7.353287,True,success
13.000266,6,7.355296,True,success
14.533377,11,7.358544,True,success
11.402379,3,7.359481,True,success
11.738503,4,7.36069,True,success
12.910181,8,7.363347,True,success
12.849079,7,7.365922,True,success
12.076485,8,7.368326,True,success
13.397437,11,7.371927,True,success
14.165745,9,7.374587,True,success
11.625859,3,7.375662,True,success
12.525648,7,7.377753,True,success
12.531715,6,7.379662,True,success
12.959031,8,7.38202,True,success
12.398148,5,7.383717,True,success
13.448922,9,7.386347,True,success
12.358595,5,7.387837,True,success
11.995746,5,7.389455,True,success
11.836528,4,7.390682,True,success
12.920772,6,7.392467,True,success
12.878837,8,7.395641,True,success
14.428866,9,7.399676,True,success
12.757829,7,7.40235,True,success
11.643581,3,7.403522,True,success
11.984378,4,7.404749,True,success
11.739705,4,7.405954,True,success
13.105802,8,7.408282,True,success
12.841541,7,7.410586,True,success
13.786897,7,7.412692,True,success
13.774684,7,7.414814,True,success
13.396936,8,7.417304,True,success
13.514968,8,7.419686,True,success
13.361214,6,7.421463,True,success
14.377724,8,7.424192,True,success
12.736109,8,7.426995,True,success
12.807459,9,7.429623,True,success
12.738638,6,7.431638,True,success
13.493301,7,7.496928,True,success
11.914036,4,7.498236,True,success
13.720894,8,7.501037,True,success
12.329156,6,7.502968,True,success
14.1556,9,7.505642,True,success
11.874951,4,7.506895,True,success
12.893215,6,7.50895,True,success
13.538809,8,7.511323,True,success
12.08126,5,7.512841,True,success
12.792362,5,7.514395,True,success
12.295539,5,7.516361,True,success
11.671959,6,7.51826,True,success
13.454628,7,7.520352,True,success
12.854856,6,7.522356,True,success
13.526917,7,7.524497,True,success
12.65566,5,7.526001,True,success
11.992366,7,7.528091,True,success
12.085803,5,7.529901,True,success
12.639386,7,7.532228,True,success
13.889516,8,7.534844,True,success
12.390247,5,7.53653,True,success
12.582584,8,7.538915,True,success
12.396212,5,7.540411,True,success
13.504847,8,7.542924,True,success
12.78888,6,7.544722,True,success
14.177471,9,7.548146,True,success
13.538451,6,7.550864,True,success
14.100028,9,7.553539,True,success
12.822702,7,7.556007,True,success
11.6469,3,7.557175,True,success
13.041425,6,7.559233,True,success
13.359015,8,7.562416,True,success
14.184854,10,7.566211,True,success
12.384514,5,7.567833,True,success
13.732904,8,7.570738,True,success
13.869426,8,7.573184,True,success
12.410202,6,7.575027,True,success
12.365976,5,7.577216,True,success
14.084733,9,7.581324,True,success
12.806194,11,7.643373,True,success
12.123558,4,7.644653,True,success
11.620451,3,7.645604,True,success
12.798835,9,7.648465,True,success
13.314957,9,7.651583,True,success
12.170396,4,7.653677,True,success
12.245472,7,7.655952,True,success
11.666322,8,7.658475,True,success
14.062534,9,7.661309,True,success
12.414343,6,7.663158,True,success
12.067435,5,7.664672,True,success
12.529665,6,7.666839,True,success
13.542861,8,7.669582,True,success
12.393468,6,7.671426,True,success
12.007807,6,7.673208,True,success
13.025002,7,7.675472,True,success
11.383587,3,7.676508,True,success
12.857291,8,7.678877,True,success
11.840256,4,7.680083,True,success
13.625098,7,7.683081,True,success
11.993987,5,7.68465,True,success
12.943623,6,7.686443,True,success
14.052793,10,7.689544,True,success
13.38795,6,7.691322,True,success
12.520401,5,7.692797,True,success
14.094085,8,7.695414,True,success
13.415305,8,7.697987,True,success
11.522863,6,7.700592,True,success
11.838282,8,7.703643,True,success
12.663697,5,7.705168,True,success
13.563774,10,7.708071,True,success
13.914736,9,7.710967,True,success
12.181911,4,7.712614,True,success
11.638503,4,7.714337,True,success
12.44731,5,7.71605,True,success
14.078187,10,7.718984,True,success
11.586658,4,7.720206,True,success
13.231701,7,7.722257,True,success
12.221675,4,7.723875,True,success
13.824894,9,7.788247,True,success
12.066468,5,7.789834,True,success
13.81386,7,7.791949,True,success
13.181956,7,7.794235,True,success
11.981169,4,7.79547,True,success
14.116539,8,7.797832,True,success
13.011902,7,7.800232,True,success
12.836215,6,7.802051,True,success
13.659468,10,7.805505,True,success
12.598237,5,7.807259,True,success
12.000147,4,7.808486,True,success
12.804377,7,7.810549,True,success
12.6527,5,7.812042,True,success
13.982935,9,7.814911,True,success
13.534759,6,7.81669,True,success
13.166865,7,7.818912,True,success
13.751795,9,7.822061,True,success
13.481071,7,7.824351,True,success
14.494059,10,7.827438,True,success
13.384121,6,7.829245,True,success
14.557857,10,7.83215,True,success
12.67868,6,7.834269,True,success
12.465449,8,7.836709,True,success
12.653517,6,7.838487,True,success
13.834467,8,7.840982,True,success
13.814634,7,7.843201,True,success
13.024189,6,7.844967,True,success
13.860748,9,7.847665,True,success
12.21644,6,7.84977,True,success
12.955127,7,7.851835,True,success
11.654076,4,7.853048,True,success
13.913259,7,7.855374,True,success
12.604797,5,7.856881,True,success
11.853208,4,7.858085,True,success
12.359969,4,7.85929,True,success
13.553702,9,7.862045,True,success
12.385474,6,7.864271,True,success
13.74916,8,7.866641,True,success
12.005408,4,7.867844,True,success
14.218895,9,7.927993,True,success
13.278592,7,7.930149,True,success
12.937232,5,7.931932,True,success
13.075423,8,7.934342,True,success
11.909106,5,7.935866,True,success
13.785076,9,7.938666,True,success
13.168045,6,7.940528,True,success
14.449671,9,7.944075,True,success
13.976892,9,7.947752,True,success
12.157567,4,7.949383,True,success
11.878363,4,7.950896,True,success
11.495889,3,7.951918,True,success
11.751062,3,7.952967,True,success
13.663557,8,7.955308,True,success
13.999982,8,7.958274,True,success
14.306292,8,7.960779,True,success
12.783932,6,7.962586,True,success
12.685197,5,7.964079,True,success
12.719855,6,7.965941,True,success
13.812661,9,7.968653,True,success
11.951745,5,7.970144,True,success
14.115038,7,7.97274,True,success
13.499475,7,7.975335,True,success
11.911233,5,7.976948,True,success
12.160056,7,7.978989,True,success
13.310594,6,7.98101,True,success
12.269972,5,7.982521,True,success
12.462683,5,7.984012,True,success
13.388569,9,7.98713,True,success
13.448366,7,7.98921,True,success
13.359933,9,7.991817,True,success
13.266148,6,7.99369,True,success
12.557931,5,7.995275,True,success
11.643128,3,7.996213,True,success
12.938721,9,7.998809,True,success
12.099724,4,8.000009,True,success
13.013144,8,8.003309,True,success
12.900342,5,8.004866,True,success
13.055366,9,8.007625,True,success
12.835547,6,8.076402,True,success
13.46885,7,8.078726,True,success
11.741467,3,8.079731,True,success
12.652915,8,8.082103,True,success
13.166371,7,8.084331,True,success
14.103613,8,8.086709,True,success
12.123332,4,8.087928,True,success
11.612988,3,8.088851,True,success
12.603589,5,8.090328,True,success
13.728957,9,8.093152,True,success
13.267011,6,8.095486,True,success
14.097575,8,8.099031,True,success
13.288362,8,8.102216,True,success
13.268206,6,8.104191,True,success
13.863748,7,8.106702,True,success
14.207556,11,8.110018,True,success
13.665558,8,8.112695,True,success
14.315525,9,8.115337,True,success
12.10827,5,8.116851,True,success
12.359936,4,8.118048,True,success
14.548206,9,8.120948,True,success
12.91645,5,8.122579,True,success
14.179798,9,8.126146,True,success
12.093061,5,8.12877,True,success
13.787583,8,8.131847,True,success
12.726121,5,8.133599,True,success
14.214493,8,8.135977,True,success
13.987757,9,8.138597,True,success
12.275196,4,8.140261,True,success
13.160899,7,8.142595,True,success
13.17715,6,8.144378,True,success
13.512251,7,8.146583,True,success
12.399021,5,8.148226,True,success
12.11676,5,8.149729,True,success
12.694188,6,8.151498,True,success
13.469268,8,8.153966,True,success
11.311059,3,8.155267,True,success
11.823924,4,8.15668,True,success
12.224193,4,8.158259,True,success
11.726187,4,8.159868,True,success
11.479053,6,8.161903,True,success
11.712341,6,8.225034,True,success
13.031973,6,8.227919,True,success
11.791902,4,8.229593,True,success
14.196082,9,8.232991,True,success
12.101789,4,8.234237,True,success
12.871544,6,8.236031,True,success
11.864835,4,8.237417,True,success
13.628229,8,8.239833,True,success
14.42395,8,8.242187,True,success
12.279577,6,8.244183,True,success
12.454054,5,8.246066,True,success
11.614946,3,8.247588,True,success
13.621984,8,8.251182,True,success
12.764738,6,8.253195,True,success
13.091408,6,8.255176,True,success
13.691256,8,8.257632,True,success
11.878437,4,8.258942,True,success
13.546475,7,8.261187,True,success
11.476532,3,8.262136,True,success
12.803285,5,8.263644,True,success
11.874863,4,8.26503,True,success
14.258314,9,8.267632,True,success
14.024573,8,8.269941,True,success
14.531351,8,8.27242,True,success
11.638547,3,8.273353,True,success
14.418447,8,8.275724,True,success
14.102576,8,8.278841,True,success
11.636465,3,8.27979,True,success
13.113651,8,8.282157,True,success
12.464188,6,8.283931,True,success
11.856745,4,8.28517,True,success
11.686707,5,8.286875,True,success
14.185051,8,8.289196,True,success
13.025856,6,8.291112,True,success
14.204594,9,8.293992,True,success
12.775065,5,8.295501,True,success
12.354265,7,8.298012,True,success
14.302042,9,8.30129,True,success
12.368763,5,8.302781,True,success
12.65819,6,8.304533,True,success
12.072686,5,8.306209,True,success
14.144892,8,8.365607,True,success
13.503662,6,8.367971,True,success
11.748841,3,8.369391,True,success
13.507412,9,8.372671,True,success
11.840624,6,8.374504,True,success
13.782843,7,8.376751,True,success
12.29192,5,8.378299,True,success
13.084788,7,8.380358,True,success
12.676294,6,8.382339,True,success
13.503738,7,8.384689,True,success
14.061949,9,8.387552,True,success
11.784799,5,8.389051,True,success
13.777188,10,8.392147,True,success
12.399226,5,8.393642,True,success
12.774924,5,8.395127,True,success
12.883169,7,8.397687,True,success
11.86556,4,8.399053,True,success
12.394251,5,8.400628,True,success
11.759721,4,8.40185,True,success
12.18084,5,8.403454,True,success
12.636415,5,8.404974,True,success
12.560608,6,8.406744,True,success
13.291098,7,8.408803,True,success
12.804908,5,8.410412,True,success
12.81705,6,8.412791,True,success
13.908872,9,8.415524,True,success
11.53851,3,8.416464,True,success
13.951943,8,8.419609,True,success
13.634382,8,8.422076,True,success
13.996828,8,8.424579,True,success
11.488406,4,8.42593,True,success
13.160496,7,8.428023,True,success
12.530601,6,8.429788,True,success
11.523325,3,8.430716,True,success
13.928573,9,8.43363,True,success
12.730252,5,8.435116,True,success
12.804882,5,8.436592,True,success
11.651564,4,8.43779,True,success
12.164234,4,8.439161,True,success
12.001842,4,8.440377,True,success
14.199116,10,8.443461,True,success
14.096683,8,8.44636,True,success
12.899301,7,8.504889,True,success
12.744474,6,8.50687,True,success
14.017089,8,8.5096,True,success
13.020751,6,8.511422,True,success
12.249718,5,8.51294,True,success
11.445879,4,8.514192,True,success
12.012435,5,8.515998,True,success
12.028825,7,8.518417,True,success
12.143995,4,8.520055,True,success
12.394945,5,8.521744,True,success
12.627398,6,8.52361,True,success
14.078387,8,8.525945,True,success
11.856219,4,8.527146,True,success
12.694057,6,8.52904,True,success
13.13607,7,8.531237,True,success
12.008342,4,8.532447,True,success
11.856169,8,8.53479,True,success
14.324098,10,8.537968,True,success
13.611647,7,8.540018,True,success
14.409692,8,8.542493,True,success
12.218489,4,8.54372,True,success
13.090539,7,8.546001,True,success
13.460918,7,8.548544,True,success
13.973088,7,8.550825,True,success
11.551197,3,8.551772,True,success
11.964117,4,8.552978,True,success
11.651151,3,8.553895,True,success
12.224214,4,8.555097,True,success
12.59274,6,8.557016,True,success
12.189623,5,8.558522,True,success
11.643748,3,8.559484,True,success
13.503026,7,8.562144,True,success
14.492412,8,8.564963,True,success
13.176893,6,8.566758,True,success
13.725996,7,8.568797,True,success
13.973712,7,8.571007,True,success
12.759187,8,8.573357,True,success
13.792712,10,8.576364,True,success
14.220253,8,8.578958,True,success
14.568102,10,8.582032,True,success
11.682054,4,8.583252,True,success
11.428007,4,8.584754,True,success
13.605592,9,8.65573,True,success
13.794965,7,8.657911,True,success
12.092379,5,8.659412,True,success
11.515964,3,8.660491,True,success
12.244286,5,8.662038,True,success
12.943156,7,8.664091,True,success
12.156167,5,8.66557,True,success
12.682593,6,8.66831,True,success
12.729905,5,8.670598,True,success
12.186179,4,8.671924,True,success
11.80783,5,8.673571,True,success
13.041365,6,8.675942,True,success
13.861234,7,8.678036,True,success
14.104535,7,8.680147,True,success
14.64634,9,8.683,True,success
11.879888,4,8.684221,True,success
11.756822,6,8.686001,True,success
13.116815,8,8.688536,True,success
14.150062,9,8.691157,True,success
12.875441,7,8.693242,True,success
11.867003,4,8.694458,True,success
14.066588,9,8.697455,True,success
12.888964,6,8.699351,True,success
13.331901,6,8.701132,True,success
14.480306,11,8.70458,True,success
12.077188,5,8.706102,True,success
13.438254,7,8.708157,True,success
12.637936,5,8.709872,True,success
11.876389,4,8.711087,True,success
12.598967,6,8.71318,True,success
12.702133,7,8.715766,True,success
11.721201,4,8.717134,True,success
14.425972,9,8.719803,True,success
12.371009,5,8.721276,True,success
13.038739,6,8.723214,True,success
12.069722,6,8.725014,True,success
12.218486,6,8.726776,True,success
11.463692,3,8.727738,True,success
13.224337,6,8.729678,True,success
13.288139,6,8.731623,True,success
14.102606,8,8.733955,True,success
14.051313,9,8.796903,True,success
12.386116,5,8.799235,True,success
12.950259,6,8.801919,True,success
11.477199,3,8.803551,True,success
12.099266,4,8.805362,True,success
12.064081,7,8.809034,True,success
13.135113,6,8.811545,True,success
12.533218,5,8.814486,True,success
13.664319,8,8.817578,True,success
13.181554,6,8.819896,True,success
12.790367,6,8.82251,True,success
13.754284,9,8.825779,True,success
12.93665,6,8.828769,True,success
14.265515,8,8.831494,True,success
11.68336,5,8.833133,True,success
11.758328,4,8.834608,True,success
12.733725,6,8.837252,True,success
14.092039,8,8.839712,True,success
13.250121,6,8.841769,True,success
13.999637,8,8.844168,True,success
11.651041,4,8.845385,True,success
12.221036,6,8.84717,True,success
13.225486,7,8.849402,True,success
12.084584,5,8.851482,True,success
13.526457,7,8.854973,True,success
11.470291,5,8.856846,True,success
13.500447,8,8.859778,True,success
12.097959,9,8.862551,True,success
13.362261,6,8.864345,True,success
12.406999,5,8.866422,True,success
11.482923,3,8.867366,True,success
11.59469,3,8.868285,True,success
13.60264,8,8.870933,True,success
13.493981,7,8.872984,True,success
13.11622,6,8.874749,True,success
12.211743,7,8.877015,True,success
12.655127,6,8.878841,True,success
14.315656,9,8.881941,True,success
11.765487,3,8.883172,True,success
12.295295,4,8.884632,True,success
12.120059,5,8.886135,True,success
13.694403,8,8.888474,True,success
14.337667,8,8.891023,True,success
11.5797,5,8.952166,True,success
11.644007,3,8.953342,True,success
14.313529,13,8.957408,True,success
11.843105,4,8.958694,True,success
12.712553,6,8.96069,True,success
12.386632,5,8.962204,True,success
11.850943,4,8.963415,True,success
13.816928,7,8.965475,True,success
12.565719,6,8.967427,True,success
11.55571,3,8.968387,True,success
11.469545,3,8.969305,True,success
12.3751,5,8.970835,True,success
11.652633,3,8.972531,True,success
14.0857,9,8.976864,True,success
11.294626,3,8.978038,True,success
14.031273,8,8.980983,True,success
13.024638,6,8.982766,True,success
13.692979,7,8.984809,True,success
13.096194,6,8.986591,True,success
12.072259,4,8.988137,True,success
11.660767,4,8.989357,True,success
13.957576,7,8.9914,True,success
13.297441,6,8.993162,True,success
12.550724,5,8.99489,True,success
12.815751,6,8.996775,True,success
12.213213,4,8.998044,True,success
12.144121,6,9.000139,True,success
11.756868,3,9.001277,True,success
13.072592,7,9.004018,True,success
13.602236,8,9.006459,True,success
12.124747,5,9.008198,True,success
11.356269,3,9.009143,True,success
13.544986,8,9.011485,True,success
11.734672,3,9.012412,True,success
11.769296,3,9.01333,True,success
13.739307,10,9.016459,True,success
11.260976,3,9.017628,True,success
14.448696,8,9.020471,True,success
12.073179,4,9.021812,True,success
13.174909,8,9.024189,True,success
13.843842,7,9.026255,True,success
14.122392,7,9.028343,True,success
12.167058,4,9.029681,True,success
12.681327,5,9.031179,True,success
14.377405,8,9.033698,True,success
14.249848,9,9.104888,True,success
12.890096,6,9.10744,True,success
11.562463,3,9.108746,True,success
13.083569,6,9.111418,True,success
13.976429,8,9.114583,True,success
12.246527,5,9.116788,True,success
11.732532,3,9.11812,True,success
13.674142,8,9.121554,True,success
13.481936,8,9.124136,True,success
13.55754,7,9.126477,True,success
13.600146,11,9.129734,True,success
12.209822,4,9.130972,True,success
14.334718,8,9.133918,True,success
13.293309,6,9.135891,True,success
13.709336,8,9.138584,True,success
11.769296,3,9.13998,True,success
12.905124,6,9.142183,True,success
13.274849,7,9.14446,True,success
12.575129,8,9.147067,True,success
13.070216,6,9.148885,True,success
13.512554,7,9.150974,True,success
13.731603,10,9.154412,True,success
13.288667,7,9.156549,True,success
11.82162,4,9.15778,True,success
13.041148,6,9.159682,True,success
13.55095,9,9.163151,True,success
13.119866,7,9.165264,True,success
13.577518,7,9.167405,True,success
13.157158,6,9.170201,True,success
12.723079,5,9.172109,True,success
13.799114,8,9.175003,True,success
12.876198,7,9.177161,True,success
11.67851,4,9.178392,True,success
11.948277,4,9.179665,True,success
14.035544,10,9.18343,True,success
11.918707,5,9.185379,True,success
12.676689,6,9.187262,True,success
12.396879,5,9.189134,True,success
14.162627,8,9.191497,True,success
13.399379,8,9.263626,True,success
12.702604,5,9.265512,True,success
14.235092,9,9.268228,True,success
13.037773,7,9.270317,True,success
12.149283,4,9.271674,True,success
12.905225,7,9.273945,True,success
13.522807,9,9.277058,True,success
13.74773,9,9.281008,True,success
11.622523,3,9.282322,True,success
14.247967,9,9.2857,True,success
13.306061,6,9.287776,True,success
12.728356,5,9.28932,True,success
11.710145,4,9.29055,True,success
13.976331,7,9.293234,True,success
11.938093,4,9.29451,True,success
12.128029,4,9.295748,True,success
13.160454,9,9.299011,True,success
13.482354,7,9.301317,True,success
11.879714,4,9.302716,True,success
13.977532,9,9.305392,True,success
13.230361,8,9.308057,True,success
13.179743,6,9.309881,True,success
11.588669,3,9.310814,True,success
12.904495,8,9.313256,True,success
12.649265,6,9.315276,True,success
12.892463,5,9.316817,True,success
12.705015,5,9.318359,True,success
12.21734,4,9.31962,True,success
12.796617,5,9.32134,True,success
11.792961,4,9.322932,True,success
12.175745,5,9.324572,True,success
13.058958,10,9.327711,True,success
14.528974,8,9.330127,True,success
13.524261,7,9.332218,True,success
12.185795,4,9.333439,True,success
11.533116,3,9.334556,True,success
13.534887,7,9.336743,True,success
12.977167,6,9.338878,True,success
12.450641,5,9.34079,True,success
11.544301,3,9.341878,True,success
14.327659,8,9.344278,True,success
13.374625,6,9.346059,True,success
13.77798,7,9.408084,True,success
13.477324,7,9.410423,True,success
13.817065,7,9.412759,True,success
13.990519,9,9.416012,True,success
14.144881,9,9.41885,True,success
11.856495,4,9.420101,True,success
12.670929,5,9.421623,True,success
11.727318,4,9.422855,True,success
12.731055,5,9.424439,True,success
13.922677,7,9.426659,True,success
11.667631,3,9.42761,True,success
14.377638,8,9.430485,True,success
12.667018,5,9.43254,True,success
14.32987,8,9.434955,True,success
13.419029,8,9.437332,True,success
13.800028,7,9.439623,True,success
12.222751,4,9.440871,True,success
12.131826,4,9.44209,True,success
12.344397,5,9.443624,True,success
13.90043,8,9.44637,True,success
13.878523,7,9.44854,True,success
13.04167,6,9.450362,True,success
13.946785,8,9.452991,True,success
14.219175,8,9.455414,True,success
14.250791,9,9.458069,True,success
14.162026,8,9.460985,True,success
12.56476,7,9.463101,True,success
12.626905,7,9.465191,True,success
12.075668,5,9.466939,True,success
12.787143,13,9.470773,True,success
13.346853,7,9.4729,True,success
12.489436,5,9.474935,True,success
11.880245,4,9.47637,True,success
11.824019,4,9.477909,True,success
13.869639,7,9.4804,True,success
13.899362,9,9.483108,True,success
13.918504,8,9.48546,True,success
13.742914,7,9.487702,True,success
14.054566,8,9.490527,True,success
12.916818,5,9.554659,True,success
13.720752,7,9.557063,True,success
14.140306,8,9.559526,True,success
13.390409,6,9.561327,True,success
12.098534,5,9.562828,True,success
12.650622,7,9.56515,True,success
12.424076,5,9.566665,True,success
13.915612,7,9.56941,True,success
11.663381,4,9.570882,True,success
13.070665,6,9.572887,True,success
12.57017,5,9.574418,True,success
12.80595,5,9.575929,True,success
12.72049,5,9.577638,True,success
13.879695,7,9.579777,True,success
12.355668,4,9.581008,True,success
13.813802,7,9.583631,True,success
12.938743,8,9.587691,True,success
13.870251,7,9.590384,True,success
13.621527,7,9.59275,True,success
13.149913,7,9.594875,True,success
12.389725,5,9.596394,True,success
14.368065,8,9.599266,True,success
11.954875,4,9.600521,True,success
11.751442,4,9.601752,True,success
13.814581,8,9.60413,True,success
12.919552,6,9.606091,True,success
13.872968,8,9.608469,True,success
12.94633,6,9.610266,True,success
11.958671,4,9.611486,True,success
13.483896,7,9.614668,True,success
12.136058,4,9.615974,True,success
11.907328,4,9.617241,True,success
11.973712,4,9.61848,True,success
14.360178,8,9.621418,True,success
13.112955,6,9.623406,True,success
13.879977,8,9.625983,True,success
12.604273,7,9.628283,True,success
13.516375,7,9.630438,True,success
11.644898,3,9.631391,True,success
13.95478,9,9.634348,True,success
12.564089,6,9.636157,True,success
12.269436,6,9.637973,True,success
12.842987,6,9.707714,True,success
13.009832,7,9.71033,True,success
12.957455,6,9.712318,True,success
14.103601,8,9.714861,True,success
13.809305,7,9.717642,True,success
13.970628,7,9.72009,True,success
11.849319,4,9.722004,True,success
11.457985,3,9.723393,True,success
13.380343,6,9.725545,True,success
11.46704,4,9.726803,True,success
14.05612,8,9.729353,True,success
13.303501,8,9.732155,True,success
13.034463,7,9.734396,True,success
14.409817,9,9.737551,True,success
12.39504,6,9.739569,True,success
14.260772,8,9.742077,True,success
13.243562,6,9.744228,True,success
14.447339,10,9.747435,True,success
13.669508,12,9.752805,True,success
11.540377,3,9.754075,True,success
12.457317,5,9.755682,True,success
12.76614,5,9.757557,True,success
11.781723,5,9.759358,True,success
11.986309,4,9.760608,True,success
12.324788,4,9.761828,True,success
13.277768,6,9.76362,True,success
13.265622,6,9.76571,True,success
12.365916,6,9.767785,True,success
11.632631,4,9.769672,True,success
14.537458,8,9.77253,True,success
13.205456,8,9.775119,True,success
12.359315,4,9.776345,True,success
13.655152,8,9.77933,True,success
12.730166,6,9.781323,True,success
13.096276,6,9.783465,True,success
12.002795,4,9.78471,True,success
13.494698,7,9.78754,True,success
12.035386,5,9.789209,True,success
13.935143,9,9.792039,True,success
11.768463,4,9.79379,True,success
13.196526,6,9.795757,True,success
13.260727,6,9.86876,True,success
14.383427,9,9.872386,True,success
13.528524,7,9.875148,True,success
14.417056,10,9.878333,True,success
13.964414,7,9.880436,True,success
12.205477,5,9.881998,True,success
13.554612,8,9.885003,True,success
12.79893,5,9.88655,True,success
13.685285,7,9.889093,True,success
13.162996,6,9.891698,True,success
12.523336,6,9.894271,True,success
11.792247,5,9.895835,True,success
12.539537,6,9.897885,True,success
12.177185,4,9.899133,True,success
13.297514,6,9.900916,True,success
11.713698,3,9.901844,True,success
12.782016,5,9.903466,True,success
12.57522,6,9.905726,True,success
12.176185,4,9.907006,True,success
14.089623,7,9.909111,True,success
12.526626,6,9.911113,True,success
12.831213,6,9.912965,True,success
13.295867,6,9.914773,True,success
11.616255,3,9.915712,True,success
12.152477,4,9.916987,True,success
12.97303,6,9.919565,True,success
11.358878,4,9.921088,True,success
12.58176,5,9.922761,True,success
12.230818,4,9.923999,True,success
12.339554,4,9.925697,True,success
12.571918,6,9.927586,True,success
11.571857,3,9.928524,True,success
11.646955,3,9.929456,True,success
12.424018,5,9.930952,True,success
12.235053,5,9.932705,True,success
14.369512,13,9.937076,True,success
11.935795,4,9.938382,True,success
14.271873,9,9.941183,True,success
13.298252,6,9.942987,True,success
11.740356,3,9.943922,True,success
12.217636,4,9.945174,True,success
12.573889,5,9.946834,True,success
14.177547,8,9.949266,True,success
14.349952,10,9.952879,True,success
13.274079,6,9.954794,True,success
11.638172,3,10.016772,True,success
13.146876,6,10.018694,True,success
11.862441,4,10.01998,True,success
13.743203,9,10.022974,True,success
12.153851,6,10.025031,True,success
14.098599,8,10.028418,True,success
13.472071,7,10.030722,True,success
11.416235,3,10.031681,True,success
13.252523,8,10.034063,True,success
13.262466,6,10.036099,True,success
13.344589,7,10.038284,True,success
13.486025,6,10.040076,True,success
12.224201,4,10.041785,True,success
14.353845,8,10.044568,True,success
12.714668,5,10.046111,True,success
11.536478,3,10.04706,True,success
11.761235,3,10.048005,True,success
11.896002,5,10.049661,True,success
11.845231,4,10.051189,True,success
12.763421,5,10.052874,True,success
14.04217,8,10.055255,True,success
14.067015,8,10.058392,True,success
13.803161,8,10.060897,True,success
14.365497,8,10.063386,True,success
12.77183,5,10.065079,True,success
11.554569,3,10.066034,True,success
14.362609,8,10.068423,True,success
14.177606,8,10.071004,True,success
13.086995,7,10.074176,True,success
13.158439,6,10.076975,True,success
12.164964,4,10.078878,True,success
12.136631,4,10.080492,True,success
13.308362,8,10.082907,True,success
14.011431,8,10.085529,True,success
14.057473,8,10.088167,True,success
13.823104,7,10.090376,True,success
13.812271,7,10.092638,True,success
12.16092,7,10.094773,True,success
13.366862,6,10.096553,True,success
12.004253,5,10.098139,True,success
13.059841,6,10.100174,True,success
13.52106,7,10.10226,True,success
13.845097,7,10.167124,True,success
13.08107,6,10.169562,True,success
12.916642,6,10.171696,True,success
12.062678,4,10.172943,True,success
11.81302,6,10.174908,True,success
12.995197,7,10.177085,True,success
13.962776,8,10.179445,True,success
13.957767,9,10.18293,True,success
11.644997,3,10.183917,True,success
13.768733,7,10.186104,True,success
14.262448,9,10.18905,True,success
13.599024,7,10.191175,True,success
13.357688,6,10.192979,True,success
11.527986,3,10.19392,True,success
12.133885,4,10.195971,True,success
13.627214,7,10.198567,True,success
13.356286,6,10.20091,True,success
12.175909,4,10.202605,True,success
13.976534,7,10.204933,True,success
12.475398,5,10.206468,True,success
11.648679,3,10.207405,True,success
12.005967,4,10.208605,True,success
13.380096,6,10.211155,True,success
11.61372,4,10.212445,True,success
13.261489,6,10.214292,True,success
14.340923,8,10.216918,True,success
12.77548,5,10.218464,True,success
14.368315,8,10.220949,True,success
13.52744,7,10.223113,True,success
12.102106,4,10.224437,True,success
11.59024,4,10.225841,True,success
13.576061,7,10.227922,True,success
12.752786,5,10.229418,True,success
11.762248,3,10.230557,True,success
12.434669,5,10.232134,True,success
12.801118,5,10.233681,True,success
14.104502,7,10.235803,True,success
12.63597,5,10.237516,True,success
12.215559,4,10.238794,True,success
12.816217,6,10.240658,True,success
14.213627,8,10.243123,True,success
13.672753,7,10.245419,True,success
13.89422,8,10.247829,True,success
13.141501,7,10.3096,True,success
12.181685,4,10.311053,True,success
11.660545,3,10.31208,True,success
13.870918,7,10.314532,True,success
12.648063,5,10.316078,True,success
12.661285,5,10.318395,True,success
14.136414,8,10.322382,True,success
14.017038,8,10.325332,True,success
14.070466,8,10.327943,True,success
11.443785,4,10.32924,True,success
12.704145,5,10.330756,True,success
11.995708,4,10.332058,True,success
12.135409,4,10.33351,True,success
13.490744,7,10.336313,True,success
13.394758,6,10.338362,True,success
13.293854,6,10.34019,True,success
14.270886,10,10.34353,True,success
12.15257,4,10.344813,True,success
13.335439,7,10.347051,True,success
13.267451,6,10.349501,True,success
13.442211,7,10.352136,True,success
12.262332,5,10.353955,True,success
12.428635,5,10.355718,True,success
12.721274,5,10.357315,True,success
12.174661,4,10.358548,True,success
11.64863,3,10.359487,True,success
14.082099,9,10.362468,True,success
13.875983,8,10.365791,True,success
11.501702,5,10.367357,True,success
13.491479,7,10.369688,True,success
11.617759,5,10.371275,True,success
12.552103,6,10.373087,True,success
11.831319,4,10.374312,True,success
11.766852,3,10.375243,True,success
13.180769,6,10.377323,True,success
13.334296,7,10.379775,True,success
11.908643,5,10.381352,True,success
13.186457,6,10.384109,True,success
11.606843,3,10.385571,True,success
12.392644,5,10.387244,True,success
11.620508,3,10.388196,True,success
12.56642,7,10.390471,True,success
14.264345,8,10.392975,True,success
13.543743,7,10.395701,True,success
13.425337,7,10.398044,True,success
12.223828,4,10.399288,True,success
13.265721,6,10.471864,True,success
13.430998,6,10.474032,True,success
14.487787,9,10.476712,True,success
11.36783,3,10.477661,True,success
12.370667,5,10.479187,True,success
13.173218,6,10.481206,True,success
12.177259,4,10.482445,True,success
12.068823,4,10.483665,True,success
11.561983,3,10.484597,True,success
14.007171,10,10.488166,True,success
12.431502,5,10.490172,True,success
11.521395,3,10.49142,True,success
13.403755,7,10.493602,True,success
12.6422,5,10.495351,True,success
11.549461,3,10.496301,True,success
14.447958,8,10.498668,True,success
14.226646,8,10.501456,True,success
13.187997,7,10.504013,True,success
12.591411,6,10.506702,True,success
11.481596,3,10.508179,True,success
11.580225,4,10.509686,True,success
13.384684,6,10.511514,True,success
13.136756,6,10.513321,True,success
13.621683,7,10.515587,True,success
11.668183,3,10.516985,True,success
12.224301,4,10.518389,True,success
13.801908,7,10.520475,True,success
13.484398,6,10.522492,True,success
13.969733,7,10.52462,True,success
12.079803,4,10.525851,True,success
12.80582,5,10.527344,True,success
11.603359,3,10.528269,True,success
11.817868,4,10.529647,True,success
11.64854,3,10.530587,True,success
12.172113,4,10.532381,True,success
12.44473,5,10.534084,True,success
12.929859,7,10.536956,True,success
12.310973,6,10.538754,True,success
13.304902,6,10.54054,True,success
13.852341,7,10.54277,True,success
12.809763,8,10.54518,True,success
13.309094,6,10.547244,True,success
12.803431,5,10.548771,True,success
13.865394,7,10.551105,True,success
12.21624,4,10.552341,True,success
11.595307,3,10.553283,True,success
13.701018,7,10.555359,True,success
12.726791,5,10.61817,True,success
12.21315,4,10.619692,True,success
13.483217,7,10.621861,True,success
11.624791,7,10.624272,True,success
13.172415,7,10.627936,True,success
13.386832,6,10.630451,True,success
13.791065,7,10.632942,True,success
13.029641,6,10.634885,True,success
11.635595,3,10.635838,True,success
11.441913,4,10.637071,True,success
11.585634,4,10.638345,True,success
13.261447,6,10.640412,True,success
12.700208,6,10.642276,True,success
12.757083,5,10.643805,True,success
13.387682,6,10.645601,True,success
12.728013,5,10.647288,True,success
14.208698,8,10.649662,True,success
12.717919,5,10.651159,True,success
11.672893,3,10.652083,True,success
12.364723,5,10.653867,True,success
14.341055,8,10.656419,True,success
11.63555,3,10.657364,True,success
11.656333,4,10.658589,True,success
11.852612,4,10.6598,True,success
14.336148,8,10.662594,True,success
13.105411,7,10.665025,True,success
11.509686,3,10.665985,True,success
11.956712,4,10.667223,True,success
12.409267,5,10.669667,True,success
12.598576,6,10.671839,True,success
13.828156,7,10.674026,True,success
13.965099,7,10.676313,True,success
13.837259,7,10.678394,True,success
12.001284,4,10.679637,True,success
12.139609,7,10.682237,True,success
12.220592,4,10.683576,True,success
12.344893,4,10.685145,True,success
14.049024,9,10.689049,True,success
13.29431,6,10.691116,True,success
13.870891,7,10.693233,True,success
11.640933,3,10.694182,True,success
13.762886,7,10.696443,True,success
13.068172,7,10.698678,True,success
12.805945,5,10.700665,True,success
11.641735,3,10.701682,True,success
12.632266,5,10.703399,True,success
12.602939,5,10.767672,True,success
12.695867,5,10.769534,True,success
13.238145,6,10.771449,True,success
12.398673,5,10.773379,True,success
13.458112,7,10.77607,True,success
12.380348,5,10.777765,True,success
13.248234,6,10.779899,True,success
12.573004,5,10.781518,True,success
11.606446,4,10.782765,True,success
11.841175,4,10.784092,True,success
12.584296,5,10.785714,True,success
14.060527,7,10.788635,True,success
14.226841,8,10.791562,True,success
13.86832,7,10.793961,True,success
13.132313,6,10.796299,True,success
13.713251,8,10.798762,True,success
14.368917,8,10.801361,True,success
12.176656,4,10.802648,True,success
13.373346,6,10.8045,True,success
11.630366,3,10.805764,True,success
14.18284,8,10.80844,True,success
11.638033,3,10.809386,True,success
13.257698,6,10.811181,True,success
13.811787,7,10.813293,True,success
14.161898,8,10.815908,True,success
14.007755,8,10.818368,True,success
12.176825,4,10.819591,True,success
11.916032,4,10.821286,True,success
11.62553,3,10.823001,True,success
11.534019,3,10.824496,True,success
12.128801,4,10.82603,True,success
13.849252,7,10.828824,True,success
13.968277,9,10.831497,True,success
12.672002,6,10.83329,True,success
12.458249,6,10.835833,True,success
13.167267,8,10.838437,True,success
13.862277,7,10.84052,True,success
13.664242,8,10.843092,True,success
12.866579,6,10.844901,True,success
12.416257,5,10.846398,True,success
13.166561,7,10.848587,True,success
12.722734,5,10.850184,True,success
13.286607,6,10.852835,True,success
11.994281,5,10.854504,True,success
12.690541,5,10.913735,True,success
12.320052,5,10.915451,True,success
13.604252,7,10.917612,True,success
13.777974,7,10.919842,True,success
13.116786,6,10.921644,True,success
11.769759,3,10.922578,True,success
13.726022,7,10.924773,True,success
14.015362,8,10.927265,True,success
13.736314,7,10.929549,True,success
13.731092,7,10.932737,True,success
12.148953,5,10.934585,True,success
13.77743,7,10.936685,True,success
12.313538,5,10.938205,True,success
14.572859,9,10.940989,True,success
12.901103,6,10.943114,True,success
12.917977,6,10.945173,True,success
12.82745,7,10.947407,True,success
14.037206,9,10.950163,True,success
13.151237,7,10.952279,True,success
13.787701,7,10.954663,True,success
12.934549,6,10.956448,True,success
13.458294,7,10.958797,True,success
13.64338,7,10.961779,True,success
12.951846,6,10.963908,True,success
11.615646,4,10.965497,True,success
13.277573,7,10.967895,True,success
13.855191,7,10.970016,True,success
13.521272,7,10.972084,True,success
14.211417,8,10.975146,True,success
13.295665,6,10.977149,True,success
13.200709,6,10.978961,True,success
13.269832,6,10.980994,True,success
13.771713,7,10.983085,True,success
12.169808,4,10.984299,True,success
13.809164,7,10.986344,True,success
14.330441,10,10.989684,True,success
13.709293,8,10.993134,True,success
11.790101,5,10.99544,True,success
13.906191,8,10.998078,True,success
13.965386,7,11.068172,True,success
12.36603,5,11.069712,True,success
12.92747,5,11.071389,True,success
11.735289,3,11.072334,True,success
12.929696,6,11.074108,True,success
11.382864,3,11.075032,True,success
12.218564,4,11.076235,True,success
13.773432,7,11.078495,True,success
13.041937,6,11.080281,True,success
12.456861,5,11.082752,True,success
13.015493,6,11.085351,True,success
12.210819,5,11.087453,True,success
12.667475,5,11.089098,True,success
14.527895,8,11.092193,True,success
13.776502,8,11.094656,True,success
13.221856,7,11.09678,True,success
12.882784,6,11.098813,True,success
13.570062,8,11.101177,True,success
14.364774,8,11.103597,True,success
12.784412,7,11.106034,True,success
13.293055,6,11.107917,True,success
11.854476,4,11.109137,True,success
13.895379,7,11.111186,True,success
12.777277,5,11.113566,True,success
12.420107,5,11.115665,True,success
11.750547,3,11.117161,True,success
13.027548,7,11.120324,True,success
12.726086,5,11.121853,True,success
12.16477,4,11.123067,True,success
11.765848,3,11.124001,True,success
13.650592,7,11.126181,True,success
13.583659,7,11.128832,True,success
13.716838,7,11.130937,True,success
12.783975,5,11.132449,True,success
12.439808,7,11.134813,True,success
12.342733,5,11.136338,True,success
11.619277,3,11.137326,True,success
14.37602,8,11.139692,True,success
14.268144,9,11.143033,True,success
12.824762,6,11.145253,True,success
11.64713,3,11.146198,True,success
12.359293,4,11.14767,True,success
11.550318,3,11.148602,True,success
12.162303,5,11.15009,True,success
12.145024,4,11.151285,True,success
12.45395,5,11.152765,True,success
13.949971,7,11.216939,True,success
13.386953,6,11.21971,True,success
11.758406,3,11.221039,True,success
14.552239,9,11.223948,True,success
12.356857,4,11.225173,True,success
13.894577,9,11.227791,True,success
13.029565,7,11.229918,True,success
13.2448,8,11.232654,True,success
11.834741,4,11.233887,True,success
14.317544,8,11.236215,True,success
12.6285,5,11.237922,True,success
11.645633,3,11.238873,True,success
12.088008,4,11.240091,True,success
13.15286,6,11.241857,True,success
11.70296,4,11.243049,True,success
11.971378,5,11.244787,True,success
13.645833,7,11.247239,True,success
12.805094,5,11.249053,True,success
13.937532,8,11.251667,True,success
11.860737,4,11.252911,True,success
12.174246,4,11.254117,True,success
11.613506,3,11.255039,True,success
12.935027,7,11.257078,True,success
11.416817,3,11.258188,True,success
14.355399,8,11.260675,True,success
13.267904,7,11.262879,True,success
12.552001,10,11.266182,True,success
11.648363,3,11.267128,True,success
12.942459,5,11.268633,True,success
13.441741,7,11.270675,True,success
12.533201,5,11.272483,True,success
14.209833,10,11.275491,True,success
13.205156,6,11.277569,True,success
11.626063,3,11.278572,True,success
12.10782,4,11.279927,True,success
12.730611,5,11.281436,True,success
11.842536,4,11.28266,True,success
14.436951,8,11.284985,True,success
12.567257,5,11.286845,True,success
13.295777,6,11.288691,True,success
13.226503,8,11.291101,True,success
12.947292,5,11.292917,True,success
11.637184,3,11.293921,True,success
12.740922,6,11.295713,True,success
11.997367,4,11.296936,True,success
13.257837,6,11.35729,True,success
12.176073,4,11.358672,True,success
13.293718,6,11.360613,True,success
13.759095,7,11.362944,True,success
13.56629,7,11.365187,True,success
13.513091,6,11.367194,True,success
14.051155,9,11.371054,True,success
13.764182,7,11.373301,True,success
12.836412,6,11.375223,True,success
12.775017,5,11.376957,True,success
12.80593,5,11.3786,True,success
13.709647,8,11.381042,True,success
12.207885,4,11.382338,True,success
13.838206,7,11.385255,True,success
14.226419,9,11.388143,True,success
12.947225,6,11.390263,True,success
14.365203,8,11.392799,True,success
13.525407,7,11.394977,True,success
12.6405,5,11.396479,True,success
12.028776,4,11.398003,True,success
13.036397,6,11.399898,True,success
13.523675,7,11.401971,True,success
14.129974,7,11.404167,True,success
11.925317,4,11.405385,True,success
13.297159,6,11.407222,True,success
13.453113,7,11.409311,True,success
12.487442,6,11.411235,True,success
12.319886,4,11.412473,True,success
12.043448,4,11.413691,True,success
12.326964,4,11.415067,True,success
12.042475,4,11.416682,True,success
13.797812,7,11.419182,True,success
12.276103,5,11.42071,True,success
13.527871,7,11.42278,True,success
14.211676,8,11.4253,True,success
13.903372,8,11.427649,True,success
12.942065,6,11.429925,True,success
11.645599,3,11.431049,True,success
14.309381,8,11.433831,True,success
14.144201,9,11.436467,True,success
11.932672,4,11.43769,True,success
14.407016,8,11.440197,True,success
11.648671,3,11.499979,True,success
13.467579,8,11.502733,True,success
12.223912,4,11.504012,True,success
11.893754,4,11.50525,True,success
13.200142,7,11.507449,True,success
13.561804,10,11.510569,True,success
12.200894,4,11.511791,True,success
12.16151,4,11.513052,True,success
12.177306,4,11.514278,True,success
11.921806,4,11.515682,True,success
13.297427,6,11.517469,True,success
13.780148,7,11.519517,True,success
12.16291,4,11.520881,True,success
11.593141,3,11.521929,True,success
12.712477,5,11.523559,True,success
12.15885,4,11.524778,True,success
13.753336,7,11.526833,True,success
13.516075,7,11.529029,True,success
11.647861,3,11.529985,True,success
12.874949,6,11.531754,True,success
12.208654,4,11.532963,True,success
13.124031,7,11.534999,True,success
13.577671,7,11.538579,True,success
12.732724,5,11.540179,True,success
12.70418,5,11.541691,True,success
11.662508,4,11.543105,True,success
12.177104,4,11.544595,True,success
13.340127,8,11.546997,True,success
13.192977,8,11.549368,True,success
12.993165,6,11.551363,True,success
13.626938,7,11.553763,True,success
12.169441,4,11.554989,True,success
12.148921,4,11.556188,True,success
12.380167,5,11.557834,True,success
12.008476,5,11.559325,True,success
12.722826,5,11.560794,True,success
11.647503,3,11.56175,True,success
11.629975,3,11.562667,True,success
12.729509,5,11.564334,True,success
12.286979,6,11.566208,True,success
12.176938,4,11.568191,True,success
13.137539,8,11.570698,True,success
12.239932,5,11.572209,True,success
11.957095,4,11.573408,True,success
12.740198,6,11.575176,True,success
14.08853,8,11.577655,True,success
12.495515,5,11.579162,True,success
14.179226,8,11.581482,True,success
12.725415,7,11.647668,True,success
11.613723,3,11.648649,True,success
14.084652,8,11.650993,True,success
12.161304,4,11.652199,True,success
13.3881,6,11.654101,True,success
12.788692,5,11.655617,True,success
13.258247,6,11.657387,True,success
12.783757,6,11.659301,True,success
12.085231,4,11.661067,True,success
13.83897,8,11.66361,True,success
12.95022,6,11.66571,True,success
13.235179,6,11.667534,True,success
14.354303,8,11.670064,True,success
13.795424,7,11.67213,True,success
12.769081,6,11.67393,True,success
12.389249,5,11.676159,True,success
12.208042,4,11.677593,True,success
13.359319,7,11.679796,True,success
12.750846,5,11.681321,True,success
13.836221,7,11.683639,True,success
14.207786,9,11.686271,True,success
12.892685,6,11.688074,True,success
13.950937,8,11.690692,True,success
13.97204,7,11.693172,True,success
13.290712,6,11.695007,True,success
11.517846,3,11.696161,True,success
12.007242,4,11.697464,True,success
13.26736,6,11.699244,True,success
12.006423,4,11.70046,True,success
12.142497,4,11.701666,True,success
13.260232,6,11.703622,True,success
14.296821,8,11.705985,True,success
11.87471,4,11.707705,True,success
12.154704,5,11.709818,True,success
14.100934,8,11.712186,True,success
13.502032,7,11.71431,True,success
13.243848,6,11.716121,True,success
14.255564,8,11.718716,True,success
12.44016,5,11.720201,True,success
12.015282,5,11.722073,True,success
12.095729,4,11.723963,True,success
11.634842,3,11.725381,True,success
11.769462,3,11.726782,True,success
12.163152,4,11.728272,True,success
12.101961,4,11.729766,True,success
12.201823,4,11.788953,True,success
12.124636,4,11.790284,True,success
11.693588,4,11.79153,True,success
13.305969,6,11.793611,True,success
12.744707,6,11.795424,True,success
12.098203,4,11.796812,True,success
11.768386,3,11.797761,True,success
12.792845,5,11.799267,True,success
14.531974,8,11.801898,True,success
12.48535,5,11.803427,True,success
12.372093,5,11.804929,True,success
11.728403,3,11.805852,True,success
12.619783,5,11.807606,True,success
12.212899,4,11.808838,True,success
12.734655,5,11.810333,True,success
12.212024,4,11.8117,True,success
12.020597,4,11.813652,True,success
11.767074,3,11.814723,True,success
13.191532,7,11.81682,True,success
12.180602,5,11.818319,True,success
11.369384,4,11.819526,True,success
13.260746,6,11.821693,True,success
12.949794,5,11.823316,True,success
13.551481,7,11.825392,True,success
12.223318,4,11.826593,True,success
14.346198,8,11.829368,True,success
14.046403,8,11.831732,True,success
13.231792,7,11.833792,True,success
14.156966,8,11.836427,True,success
12.334665,4,11.837666,True,success
12.992462,7,11.840147,True,success
12.560547,5,11.842213,True,success
13.763478,7,11.845438,True,success
13.770454,7,11.848579,True,success
13.668027,7,11.851236,True,success
14.252925,8,11.853884,True,success
12.373281,5,11.855552,True,success
12.125145,4,11.856795,True,success
13.586102,8,11.859276,True,success
13.211589,6,11.861079,True,success
12.729591,5,11.862723,True,success
14.034202,8,11.865118,True,success
14.368619,8,11.867441,True,success
13.751514,7,11.869792,True,success
13.867526,7,11.871885,True,success
13.287145,6,11.933274,True,success
13.561101,7,11.935908,True,success
13.849705,7,11.938099,True,success
11.980603,4,11.939473,True,success
13.388753,6,11.941274,True,success
12.143692,4,11.942494,True,success
12.783006,6,11.944263,True,success
13.371444,6,11.946185,True,success
12.784919,5,11.94767,True,success
12.350437,4,11.948874,True,success
12.207657,4,11.950079,True,success
14.333999,8,11.952722,True,success
13.296525,6,11.954691,True,success
12.070145,4,11.955905,True,success
13.536871,8,11.958277,True,success
11.878259,4,11.959637,True,success
12.224265,4,11.960948,True,success
13.3882,7,11.96301,True,success
14.078281,8,11.965494,True,success
13.289414,6,11.968508,True,success
12.375213,5,11.970585,True,success
11.640338,3,11.971958,True,success
13.528521,7,11.974343,True,success
12.863661,6,11.976138,True,success
13.787035,8,11.978472,True,success
12.943683,7,11.980897,True,success
12.266099,4,11.982513,True,success
13.870462,7,11.984598,True,success
12.898216,6,11.986367,True,success
13.805831,7,11.988653,True,success
12.553413,5,11.990153,True,success
11.76838,3,11.991068,True,success
12.721468,6,11.992827,True,success
14.022817,8,11.995337,True,success
13.390093,6,11.997425,True,success
13.172589,6,11.999432,True,success
11.410265,3,12.000615,True,success
13.774067,7,12.003004,True,success
13.842578,7,12.005151,True,success
13.024007,6,12.007359,True,success
12.753116,5,12.009261,True,success
12.106698,5,12.011132,True,success
13.332818,6,12.013162,True,success
12.68891,5,12.015071,True,success
13.188528,6,12.016975,True,success
12.678458,5,12.0764,True,success
11.418404,3,12.077444,True,success
11.601603,3,12.07854,True,success
12.120385,4,12.079781,True,success
12.215918,4,12.080996,True,success
12.533191,5,12.082492,True,success
12.161384,4,12.083691,True,success
12.796576,5,12.085383,True,success
12.65535,6,12.087279,True,success
13.604755,7,12.089601,True,success
12.29783,5,12.092129,True,success
13.295488,6,12.09424,True,success
14.235968,8,12.096906,True,success
14.446195,8,12.099429,True,success
11.619175,3,12.100382,True,success
12.933885,6,12.102158,True,success
13.954428,8,12.105588,True,success
12.169982,4,12.107178,True,success
13.203529,6,12.109038,True,success
13.739208,7,12.11112,True,success
13.700345,7,12.113681,True,success
12.795516,5,12.115275,True,success
14.084236,7,12.117355,True,success
11.835073,4,12.118762,True,success
13.776354,7,12.121079,True,success
13.039716,6,12.123191,True,success
13.76705,7,12.125277,True,success
11.836438,4,12.126762,True,success
12.14157,4,12.128006,True,success
12.730018,5,12.129491,True,success
11.637184,3,12.130446,True,success
12.169001,4,12.131669,True,success
11.534906,3,12.13259,True,success
13.381304,6,12.135128,True,success
11.527464,3,12.136117,True,success
11.838988,4,12.137347,True,success
14.103269,8,12.139746,True,success
11.916457,4,12.141218,True,success
12.16985,4,12.142465,True,success
11.604049,3,12.143583,True,success
13.671357,7,12.145692,True,success
11.98881,4,12.146996,True,success
14.217323,8,12.150131,True,success
13.527927,7,12.153334,True,success
14.001533,9,12.1564,True,success
12.805953,5,12.157923,True,success
12.00532,4,12.159145,True,success
11.379418,3,12.160082,True,success
14.020063,8,12.233152,True,success
12.109317,5,12.23483,True,success
13.139577,7,12.236974,True,success
11.54917,4,12.238459,True,success
12.790026,5,12.240805,True,success
12.183582,4,12.242498,True,success
13.851345,7,12.245198,True,success
13.869625,7,12.24734,True,success
13.003555,6,12.24913,True,success
14.038115,8,12.251682,True,success
13.477379,7,12.253928,True,success
12.948582,5,12.255755,True,success
13.809749,7,12.257895,True,success
11.647952,3,12.259054,True,success
13.869251,7,12.261139,True,success
13.296629,6,12.263295,True,success
12.578294,5,12.26491,True,success
11.983925,4,12.266471,True,success
11.848468,4,12.267855,True,success
12.005788,4,12.269295,True,success
13.501968,6,12.271108,True,success
11.42874,3,12.272195,True,success
13.186978,6,12.274204,True,success
12.689994,5,12.276015,True,success
13.185056,6,12.278346,True,success
13.514198,7,12.281073,True,success
13.564811,7,12.283205,True,success
12.358396,4,12.284919,True,success
11.748564,3,12.285931,True,success
12.66597,6,12.287849,True,success
13.450819,7,12.289956,True,success
14.153345,8,12.292314,True,success
14.138624,8,12.2949,True,success
13.184742,6,12.296703,True,success
13.72275,7,12.298764,True,success
12.893803,6,12.301599,True,success
13.176948,6,12.303423,True,success
11.76153,3,12.304333,True,success
12.919535,6,12.306092,True,success
13.459303,7,12.308331,True,success
14.099958,8,12.310662,True,success
14.387329,8,12.312979,True,success
12.639862,5,12.31482,True,success
11.582749,3,12.315767,True,success
11.593567,4,12.317002,True,success
13.950379,7,12.376012,True,success
11.769135,3,12.377849,True,success
12.062035,4,12.379217,True,success
14.51126,8,12.382094,True,success
13.942281,7,12.384407,True,success
13.74473,7,12.386506,True,success
11.609034,3,12.387433,True,success
11.634848,3,12.388353,True,success
13.626683,7,12.390545,True,success
12.16547,4,12.392216,True,success
13.640585,7,12.394324,True,success
12.981911,7,12.396388,True,success
14.190225,8,12.399017,True,success
11.94526,4,12.400233,True,success
13.370396,6,12.401994,True,success
12.804081,5,12.403467,True,success
11.643673,3,12.404531,True,success
12.101994,4,12.405743,True,success
12.215394,4,12.406947,True,success
12.219757,4,12.408633,True,success
11.590914,5,12.41025,True,success
12.212304,4,12.411675,True,success
13.035639,6,12.413486,True,success
14.281256,9,12.416084,True,success
12.142237,4,12.417289,True,success
13.019419,6,12.419259,True,success
13.80324,7,12.421311,True,success
13.390196,6,12.42327,True,success
12.823493,5,12.424861,True,success
13.812774,7,12.427021,True,success
13.540018,7,12.429085,True,success
13.482103,7,12.431133,True,success
12.253524,4,12.432634,True,success
13.293279,6,12.43441,True,success
12.718338,5,12.435882,True,success
11.949829,4,12.437087,True,success
11.767041,3,12.438068,True,success
11.827035,4,12.439775,True,success
13.745724,7,12.441953,True,success
11.331926,3,12.442887,True,success
12.948039,5,12.444371,True,success
11.838472,4,12.445689,True,success
12.135339,4,12.446985,True,success
12.617144,5,12.448597,True,success
11.753699,4,12.449844,True,success
11.728697,3,12.450977,True,success
14.326989,8,12.453991,True,success
12.71489,5,12.456646,True,success
13.164763,6,12.459348,True,success
12.117421,4,12.519613,True,success
12.130934,4,12.52098,True,success
12.201861,4,12.52257,True,success
14.356497,8,12.525404,True,success
12.780874,5,12.526915,True,success
12.823226,6,12.528699,True,success
11.515613,3,12.529751,True,success
14.333942,9,12.533081,True,success
13.236932,6,12.534952,True,success
12.45866,5,12.536788,True,success
12.964306,6,12.53884,True,success
13.779405,7,12.541398,True,success
12.467153,5,12.54303,True,success
14.572621,9,12.545883,True,success
12.113959,4,12.547118,True,success
13.327683,8,12.549509,True,success
11.997693,4,12.550915,True,success
12.22428,4,12.552145,True,success
11.601256,3,12.553071,True,success
13.736736,7,12.555128,True,success
12.034252,4,12.556358,True,success
14.378162,8,12.55909,True,success
13.29751,6,12.561144,True,success
12.073434,4,12.562378,True,success
12.221304,5,12.564027,True,success
11.623365,3,12.565006,True,success
12.848742,6,12.566781,True,success
13.814968,8,12.569163,True,success
11.547267,4,12.570403,True,success
12.43281,5,12.572118,True,success
12.787476,5,12.573638,True,success
13.690909,7,12.575711,True,success
12.797158,5,12.577347,True,success
12.925588,5,12.579036,True,success
12.641986,7,12.581791,True,success
12.207827,4,12.582999,True,success
12.350186,4,12.584215,True,success
12.763633,5,12.585945,True,success
12.006758,4,12.587172,True,success
12.152909,4,12.588367,True,success
12.169971,4,12.589573,True,success
12.446356,5,12.591131,True,success
12.700037,5,12.592864,True,success
13.945578,7,12.594968,True,success
13.226202,6,12.59676,True,success
13.372937,6,12.599368,True,success
12.968137,6,12.601616,True,success
12.20765,4,12.602868,True,success
