time/time_elapsed,rollout/success_rate,rollout/ep_rew_mean,time/iterations,time/fps,time/total_timesteps,rollout/ep_len_mean,train/n_updates,train/learning_rate,train/policy_gradient_loss,train/explained_variance,train/clip_fraction,train/loss,train/value_loss,train/entropy_loss,train/clip_range,train/approx_kl
0,0.17857142857142858,-3.5971473928571425,1,2803,2560,84.92857142857143,,,,,,,,,,
0,0.21212121212121213,-3.308156606060606,2,2004,2816,79.78787878787878,100,0.0003,-0.002350333461072296,-0.00408017635345459,0.0,3.5895090103149414,5.9147383093833925,-2.1619729161262513,0.2,0.0013775108
0,0.2222222222222222,-3.0219625,3,1957,3072,80.47222222222223,110,0.0003,-0.0018121474422514439,-0.020793557167053223,0.0,8.238960266113281,18.954145002365113,-2.173494791984558,0.2,0.0006151954
0,0.25,-2.3019602,4,1798,3328,79.675,120,0.0003,-0.005495473870541901,-0.09374797344207764,0.0,3.224151134490967,6.38569752573967,-2.16545290350914,0.2,0.0027099752
0,0.23809523809523808,-2.1481206428571427,5,1793,3584,80.64285714285714,130,0.0003,-0.0073524994077160954,0.10933482646942139,0.0,4.665177345275879,7.25678037405014,-2.169438499212265,0.2,0.0036387192
0,0.2391304347826087,-1.751272565217391,6,1796,3840,81.02173913043478,140,0.0003,-0.021388834901154043,0.06557267904281616,0.126953125,0.5374855399131775,1.0993447676301003,-2.1567215979099275,0.2,0.012159012
1,0.22916666666666666,-1.7933303541666668,7,1791,4096,81.8125,150,0.0003,-0.010496600053738803,0.019632995128631592,0.0765625,2.014761209487915,5.3485640525817875,-2.1571688532829283,0.2,0.011312396
1,0.23529411764705882,-1.5236895882352943,8,1783,4352,81.6470588235294,160,0.0003,-0.021282273344695568,-0.0896449089050293,0.090234375,0.9572885036468506,1.6803437724709511,-2.1385853230953216,0.2,0.016180504
1,0.2545454545454545,-1.0213804000000002,9,1790,4608,81.56363636363636,170,0.0003,-0.01497731264680624,0.11172902584075928,0.084765625,3.2648584842681885,4.530277049541473,-2.144146990776062,0.2,0.014585119
1,0.288135593220339,-0.34743945762711875,10,1797,4864,79.57627118644068,180,0.0003,-0.009944734815508127,-0.01828455924987793,0.010546875,2.7648332118988037,7.266743171215057,-2.163823503255844,0.2,0.008520944
1,0.34328358208955223,0.5765295223880597,11,1802,5120,74.41791044776119,190,0.0003,-0.009526091697625815,-0.018633365631103516,0.01796875,4.591480731964111,9.168764650821686,-2.149685353040695,0.2,0.007927246
1,0.35714285714285715,0.8748875,12,1801,5376,74.68571428571428,200,0.0003,-0.007340407348237932,0.06880050897598267,0.0,3.595813274383545,12.88278923034668,-2.151874142885208,0.2,0.0030479154
1,0.37333333333333335,1.2753829599999997,13,1798,5632,73.44,210,0.0003,-0.01261557564139366,0.013205170631408691,0.06875,1.3734283447265625,3.5303828537464144,-2.136678713560104,0.2,0.010777794
2,0.4146341463414634,2.131699487804878,14,1791,5888,70.28048780487805,220,0.0003,-0.0221432481193915,-0.0800706148147583,0.223046875,2.750948190689087,5.555274522304535,-2.116082030534744,0.2,0.016187008
2,0.449438202247191,2.8221592359550565,15,1793,6144,67.66292134831461,230,0.0003,-0.0013664319296367467,-0.05442166328430176,0.0,3.6304824352264404,6.840632939338684,-2.134537422657013,0.2,0.000861475
2,0.4948453608247423,3.6068776494845363,16,1787,6400,64.38144329896907,240,0.0003,-0.013626807829132304,-0.14134109020233154,0.059765625,2.030123710632324,4.7018319249153135,-2.1372013688087463,0.2,0.012537139
2,0.54,4.49423276,17,1789,6656,62.2,250,0.0003,-0.0030094640562310813,0.012163817882537842,0.0,1.300964117050171,2.901566541194916,-2.1452878654003142,0.2,0.0026974292
2,0.6,5.644993009999999,18,1792,6912,59.14,260,0.0003,-0.012191021651960909,0.004477858543395996,0.008203125,0.5921022891998291,1.4892170995473861,-2.1054228246212006,0.2,0.004850474
2,0.7,7.753098209999999,19,1794,7168,52.01,270,0.0003,-0.024204415595158936,0.022291123867034912,0.128515625,0.8104594945907593,1.6429472893476487,-2.091683179140091,0.2,0.012305104
2,0.74,8.43728456,20,1789,7424,48.64,280,0.0003,-0.00758247310295701,0.07133364677429199,0.00703125,0.5107595324516296,1.5555577665567397,-2.0958811044692993,0.2,0.0070850067
3,0.81,9.89642897,21,1790,7680,43.74,290,0.0003,-0.014835784141905606,0.03738677501678467,0.104296875,0.4873689115047455,1.165369848906994,-2.08745681643486,0.2,0.015810829
3,0.91,11.327359369999996,22,1793,7936,35.5,300,0.0003,-0.018862091354094446,-0.05958378314971924,0.052734375,0.49674201011657715,1.2538611322641373,-2.0385075867176057,0.2,0.009536661
3,0.96,12.11472687,23,1792,8192,27.8,310,0.0003,-0.02845962569117546,0.028630614280700684,0.208984375,0.263407438993454,0.7593205071985721,-2.0178907334804537,0.2,0.011212581
3,1.0,12.641526649999998,24,1791,8448,23.9,320,0.0003,-0.024363995296880603,0.009944617748260498,0.13046875,0.18485845625400543,0.5696083404123783,-2.0043253779411314,0.2,0.007180855
3,1.0,12.73108541,25,1793,8704,18.64,330,0.0003,-0.029470459488220514,0.07287615537643433,0.08671875,0.1180594190955162,0.5334170989692211,-1.9332353323698044,0.2,0.014595887
3,1.0,12.79559357,26,1793,8960,15.02,340,0.0003,-0.012716650927904994,0.07654166221618652,0.0765625,0.179619699716568,0.45641733333468437,-1.8477095663547516,0.2,0.009879066
3,1.0,12.847332650000004,27,1792,9216,12.88,350,0.0003,-0.01863920516334474,0.061287760734558105,0.172265625,0.18887358903884888,0.4808467924594879,-1.810000467300415,0.2,0.008257056
4,1.0,12.907112320000001,28,1791,9472,11.9,360,0.0003,-0.015479237993713469,0.09967100620269775,0.106640625,0.1589263379573822,0.42239943221211435,-1.7702036410570146,0.2,0.0070275296
4,1.0,12.906109949999998,29,1790,9728,11.15,370,0.0003,-0.01227736808359623,0.11402684450149536,0.051171875,0.14184395968914032,0.3854998081922531,-1.7848929047584534,0.2,0.009190388
4,1.0,12.906151210000003,30,1790,9984,10.52,380,0.0003,-0.027393554081209005,0.18119299411773682,0.188671875,0.16523879766464233,0.4674826763570309,-1.724521702528,0.2,0.01267205
4,1.0,12.85373159,31,1789,10240,10.07,390,0.0003,-0.02490660804323852,0.07494217157363892,0.145703125,0.1510537564754486,0.3876471914350986,-1.7178218513727188,0.2,0.00900075
4,1.0,12.90087911,32,1788,10496,9.78,400,0.0003,-0.016421979339793325,0.25124651193618774,0.03984375,0.1306721717119217,0.36785209774971006,-1.6068852156400681,0.2,0.0075563537
4,1.0,12.817117380000003,33,1787,10752,9.01,410,0.0003,-0.011884776689112187,0.2748950123786926,0.07265625,0.0975617989897728,0.30821048431098463,-1.535503116250038,0.2,0.008356422
4,1.0,12.78027043,34,1789,11008,8.58,420,0.0003,-0.023558109439909457,0.3385547399520874,0.198828125,0.06134413927793503,0.3397824175655842,-1.5879157125949859,0.2,0.009033118
5,1.0,12.844440820000003,35,1788,11264,8.4,430,0.0003,-0.012707241019234062,0.413285493850708,0.032421875,0.05928792804479599,0.2841111943125725,-1.5467753916978837,0.2,0.008832699
5,1.0,12.886497209999998,36,1786,11520,8.09,440,0.0003,-0.012386036448879168,0.427306592464447,0.028515625,0.11486446857452393,0.290812935680151,-1.5207901477813721,0.2,0.0051097213
5,1.0,12.886236660000002,37,1787,11776,8.22,450,0.0003,-0.013136466732248664,0.5359301567077637,0.042578125,0.090042844414711,0.25798624008893967,-1.4983427464962005,0.2,0.0063020512
5,1.0,12.867623199999999,38,1785,12032,8.08,460,0.0003,-0.023675810103304683,0.538611650466919,0.115234375,0.008448481559753418,0.24526017904281616,-1.4602960497140884,0.2,0.009807185
5,1.0,12.898258489999998,39,1786,12288,7.9,470,0.0003,-0.01742274034768343,0.6449609994888306,0.054296875,0.03872130066156387,0.21092456206679344,-1.4116317331790924,0.2,0.0063038357
5,1.0,12.999244439999995,40,1781,12544,7.75,480,0.0003,-0.009187231678515673,0.8148199319839478,0.034765625,-0.004038259387016296,0.09940149039030075,-1.3443418502807618,0.2,0.0062150573
5,1.0,12.967987270000002,41,1782,12800,7.46,490,0.0003,-0.009962904429994524,0.8847166895866394,0.03203125,-0.012587934732437134,0.05288582006469369,-1.3569408893585204,0.2,0.004650006
6,1.0,12.941516790000001,42,1783,13056,7.54,500,0.0003,-0.026400347473099828,0.8752314448356628,0.10546875,-0.032261140644550323,0.07429882362484933,-1.3427365094423294,0.2,0.010453886
6,1.0,12.845299889999996,43,1785,13312,7.42,510,0.0003,-0.018698021396994592,0.89752596616745,0.098828125,-0.017899498343467712,0.06952910162508488,-1.3058962106704712,0.2,0.007103056
6,1.0,12.843879320000001,44,1780,13568,7.12,520,0.0003,-0.016850553208496422,0.9327859878540039,0.055078125,-0.01264762319624424,0.04232759764418006,-1.2681089282035827,0.2,0.007283641
6,1.0,12.88303975,45,1780,13824,6.79,530,0.0003,-0.020512541267089547,0.9582021236419678,0.0984375,-0.03588438779115677,0.025461533572524786,-1.1994262337684631,0.2,0.008829553
6,1.0,12.834702889999999,46,1780,14080,6.56,540,0.0003,-0.012534952373243868,0.9627701640129089,0.07265625,-0.01681758090853691,0.02257209117524326,-1.1445381700992585,0.2,0.0065125395
6,1.0,12.922727470000002,47,1780,14336,6.67,550,0.0003,-0.01636392283253372,0.9501024484634399,0.0484375,-0.01655556820333004,0.03140101497992873,-1.1420076966285706,0.2,0.0101240985
6,1.0,12.97509241,48,1779,14592,6.57,560,0.0003,-0.014129197597503662,0.9694599509239197,0.0734375,-0.027447525411844254,0.020807315362617373,-1.0402851760387422,0.2,0.0071597183
7,1.0,12.972317330000001,49,1779,14848,6.41,570,0.0003,-0.014106793934479356,0.9632688760757446,0.054296875,-0.020409470424056053,0.023077517002820968,-1.0284076482057571,0.2,0.0068982346
7,1.0,12.92100693,50,1778,15104,6.25,580,0.0003,-0.01135749281384051,0.969906747341156,0.0390625,-0.015603598207235336,0.01937120601069182,-1.012076573073864,0.2,0.0059900917
7,1.0,12.83870608,51,1779,15360,6.06,590,0.0003,-0.014900084759574383,0.966421902179718,0.075390625,-0.017914406955242157,0.024485183879733086,-0.9537322610616684,0.2,0.009786185
7,1.0,12.86054189,52,1779,15616,6.16,600,0.0003,-0.024086225661449134,0.9722805619239807,0.181640625,-0.004435399547219276,0.016178170079365374,-0.9837721526622772,0.2,0.014515448
7,1.0,12.858332279999999,53,1779,15872,6.15,610,0.0003,-0.013506949786096812,0.9672070741653442,0.10078125,-0.031957536935806274,0.023581014620140194,-0.9455053165555001,0.2,0.0064598247
7,1.0,12.85743796,54,1777,16128,6.17,620,0.0003,-0.012466776417568326,0.965514063835144,0.05,-0.013561845757067204,0.022760787652805446,-0.9533794745802879,0.2,0.010717766
7,1.0,12.748180419999999,55,1777,16384,5.88,630,0.0003,-0.012043973966501653,0.961388885974884,0.032421875,-0.015187228098511696,0.024584003048948942,-0.9651162981986999,0.2,0.005877362
8,1.0,12.833209679999998,56,1772,16640,6.04,640,0.0003,-0.00966813632985577,0.9641388654708862,0.03359375,-0.007575671188533306,0.02402624050155282,-0.9577537968754768,0.2,0.0061779628
8,1.0,12.922391229999999,57,1771,16896,6.2,650,0.0003,-0.012549801007844507,0.9646918177604675,0.0671875,-0.015731148421764374,0.02199948641937226,-0.91658234000206,0.2,0.0058616884
8,1.0,13.03603063,58,1771,17152,6.41,660,0.0003,-0.014969742274843156,0.9692275524139404,0.076953125,-0.03898094967007637,0.019076172495260835,-0.9070749670267105,0.2,0.0137030445
8,1.0,13.03831678,59,1771,17408,6.24,670,0.0003,-0.019822301412932574,0.9596866965293884,0.10234375,-0.033648379147052765,0.031281200842931865,-0.911768750846386,0.2,0.011537334
8,1.0,13.01844381,60,1767,17664,6.33,680,0.0003,-0.014444935892242938,0.967234194278717,0.081640625,-0.011386733502149582,0.02098860717378557,-0.8927232667803764,0.2,0.0052986285
8,1.0,12.87643847,61,1765,17920,5.98,690,0.0003,-0.012067815149202943,0.9636634588241577,0.08984375,-0.020777564495801926,0.02602745038457215,-0.921269291639328,0.2,0.008316343
8,1.0,12.91631839,62,1765,18176,5.95,700,0.0003,-0.020651630428619682,0.9647226333618164,0.130078125,-0.01994103565812111,0.022476116893813014,-0.8885358542203903,0.2,0.009748619
9,1.0,12.974824210000001,63,1764,18432,5.96,710,0.0003,-0.019723801256623118,0.9671474099159241,0.067578125,-0.0452367439866066,0.02368171652778983,-0.8771795749664306,0.2,0.011551354
9,1.0,12.91820278,64,1762,18688,5.85,720,0.0003,-0.02174625117331743,0.9782614707946777,0.151953125,-0.046024635434150696,0.01467836108058691,-0.8175430029630661,0.2,0.011333901
9,1.0,12.816141879999998,65,1761,18944,5.62,730,0.0003,-0.0165818405803293,0.9793610572814941,0.10859375,-0.04047572240233421,0.013086624792777002,-0.8553239524364471,0.2,0.009910129
9,1.0,12.759687430000001,66,1761,19200,5.49,740,0.0003,-0.00979962965939194,0.9739799499511719,0.025390625,-0.030571162700653076,0.01596938888542354,-0.8198238223791122,0.2,0.005348592
9,1.0,12.85876156,67,1760,19456,5.69,750,0.0003,-0.01602550360839814,0.9681631922721863,0.08984375,-0.010524045675992966,0.02079660699237138,-0.8211218759417533,0.2,0.0075260494
9,1.0,13.070609020000001,68,1759,19712,6.11,760,0.0003,-0.009961472603026777,0.9767898321151733,0.0734375,-0.021949533373117447,0.015237330133095384,-0.8412498578429222,0.2,0.0067940755
10,1.0,13.008216180000003,69,1759,19968,6.04,770,0.0003,-0.007959358021616935,0.9798970222473145,0.04765625,-0.018507255241274834,0.013746119104325771,-0.8023278877139092,0.2,0.0037072618
10,1.0,12.845918959999999,70,1759,20224,5.72,780,0.0003,-0.011480681551620363,0.9675387740135193,0.04375,-0.02430221065878868,0.019259877642616628,-0.8147937908768654,0.2,0.0049005654
10,1.0,12.911605470000001,71,1759,20480,5.8,790,0.0003,-0.010564723587594926,0.9642093181610107,0.028515625,-0.023697350174188614,0.02333314602728933,-0.8176737889647484,0.2,0.005355327
10,1.0,12.864274870000001,72,1759,20736,5.69,800,0.0003,-0.011206310812849552,0.9785906672477722,0.08125,-0.014275800436735153,0.0147705937968567,-0.7957230493426323,0.2,0.010722419
10,1.0,12.79858643,73,1759,20992,5.58,810,0.0003,-0.01605728701688349,0.9632060527801514,0.100390625,-0.024188635870814323,0.019696996570564805,-0.7847202226519585,0.2,0.0072113792
10,1.0,12.898857490000001,74,1760,21248,5.68,820,0.0003,-0.003063527576159686,0.9741230607032776,0.0078125,-0.009945903904736042,0.017300458368845285,-0.7842863067984581,0.2,0.0019608904
10,1.0,12.900686110000002,75,1760,21504,5.61,830,0.0003,-0.010162461898289621,0.9732707738876343,0.051171875,-0.02014882117509842,0.01789394118823111,-0.7639535903930664,0.2,0.0033690538
11,1.0,12.899505110000002,76,1759,21760,5.59,840,0.0003,-0.008254835102707147,0.9772859215736389,0.033984375,-0.0322142019867897,0.01365418597124517,-0.7421319171786308,0.2,0.0056817816
11,1.0,12.848347269999994,77,1759,22016,5.5,850,0.0003,-0.009224354126490652,0.9741045832633972,0.0609375,-0.021407555788755417,0.016208719345740974,-0.7371699526906014,0.2,0.00578347
11,1.0,12.863448569999997,78,1759,22272,5.52,860,0.0003,-0.014928948669694363,0.9785909652709961,0.094140625,-0.03286292776465416,0.013890508026815952,-0.7688901200890541,0.2,0.0122385165
11,1.0,12.735677940000002,79,1759,22528,5.27,870,0.0003,-0.019017131091095506,0.9763274192810059,0.0875,-0.03401513770222664,0.014902156521566212,-0.7276936039328575,0.2,0.0124013
