rollout/ep_rew_mean,time/iterations,time/time_elapsed,rollout/ep_len_mean,time/total_timesteps,time/fps,rollout/success_rate,train/learning_rate,train/loss,train/n_updates,train/explained_variance,train/clip_range,train/clip_fraction,train/approx_kl,train/policy_gradient_loss,train/value_loss,train/entropy_loss
-4.509389222222222,1,84,50.55555555555556,512,3,0.0,,,,,,,,,,
-4.262283461538461,2,168,54.38461538461539,768,3,0.0,0.0003,0.17401038110256195,20,0.2794942855834961,0.2,0.017578125,0.0067361286,-0.012283667945303023,1.4345706880092621,-2.2915047645568847
-3.181720058823529,3,251,58.1764705882353,1024,3,0.058823529411764705,0.0003,0.23727771639823914,30,0.09224027395248413,0.2,0.012890625,0.0065658316,-0.011050682910718024,1.0665089398622514,-2.279936957359314
-2.6585364090909085,4,338,54.90909090909091,1280,3,0.09090909090909091,0.0003,2.095048427581787,40,-0.09542834758758545,0.2,0.008984375,0.0040919855,-0.013759330450557172,8.421493768692017,-2.283784681558609
-2.554054068965517,5,424,52.241379310344826,1536,3,0.10344827586206896,0.0003,3.9080893993377686,50,0.1160057783126831,0.2,0.019921875,0.003984915,-0.013161344919353724,8.722442132234573,-2.274332070350647
-2.2381547058823523,6,509,51.38235294117647,1792,3,0.11764705882352941,0.0003,3.398033618927002,60,0.27368640899658203,0.2,0.0,0.0015699158,-0.007815686077810824,7.779101318120956,-2.264715874195099
-2.0836546315789466,7,595,52.89473684210526,2048,3,0.13157894736842105,0.0003,2.905343770980835,70,0.21913665533065796,0.2,0.0,0.0020230978,-0.006481201283168048,7.775837981700898,-2.2484086871147158
-1.5378638139534886,8,682,53.0,2304,3,0.16279069767441862,0.0003,2.6673367023468018,80,0.36728543043136597,0.2,0.001171875,0.0053671403,-0.010607730131596327,6.602884620428085,-2.2211147844791412
-1.7303522127659574,9,765,53.765957446808514,2560,3,0.14893617021276595,0.0003,6.294529914855957,90,-0.15209317207336426,0.2,0.0,0.00091251126,-0.005027626198716462,17.46074366569519,-2.2147394835948946
-1.2606861153846154,10,848,53.76923076923077,2816,3,0.17307692307692307,0.0003,1.7377163171768188,100,0.4631108045578003,0.2,0.0,0.0016884103,-0.006389810075052083,4.317756199836731,-2.2037382245063784
-0.6831483389830508,11,934,51.59322033898305,3072,3,0.2033898305084746,0.0003,3.018115997314453,110,0.24492710828781128,0.2,0.01484375,0.0061006546,-0.013069844362325967,10.501192319393159,-2.2014446556568146
0.09648507812500012,12,1019,51.609375,3328,3,0.25,0.0003,9.079684257507324,120,0.0009390711784362793,0.2,0.041796875,0.008724553,-0.01775940286461264,17.218841075897217,-2.1611243546009065
0.6822534714285715,13,1105,50.82857142857143,3584,3,0.2857142857142857,0.0003,5.558011531829834,130,0.04268115758895874,0.2,0.006640625,0.0055434564,-0.011567905941046775,14.679988527297974,-2.0896106243133543
1.3600151538461538,14,1192,48.94871794871795,3840,3,0.32051282051282054,0.0003,2.849607467651367,140,0.4777851700782776,0.2,0.0125,0.00821641,-0.011389159923419356,7.088288760185241,-2.0378564447164536
2.230124418604652,15,1279,47.33720930232558,4096,3,0.37209302325581395,0.0003,7.845246315002441,150,0.4155062437057495,0.2,0.05546875,0.009152359,-0.01702528530731797,14.617555713653564,-2.0612090468406676
2.2322518913043483,16,1365,47.02173913043478,4352,2,0.3695652173913043,0.0003,4.495613098144531,160,0.07873713970184326,0.2,0.00546875,0.0024009612,-0.007878018543124199,12.311255943775176,-2.0508495211601256
2.3076925051546393,17,1452,47.175257731958766,4608,2,0.3711340206185567,0.0003,5.562212944030762,170,0.12188637256622314,0.2,0.0328125,0.0072047133,-0.013903398835100233,12.348500955104829,-2.105841267108917
3.15360417,18,1540,45.01,4864,2,0.42,0.0003,3.110175132751465,180,0.15492922067642212,0.2,0.123828125,0.02082408,-0.027906758384779094,7.39113427400589,-2.0230009138584135
4.01813287,19,1626,45.33,5120,2,0.47,0.0003,2.5582730770111084,190,-0.02763056755065918,0.2,0.00859375,0.003657866,-0.007093927497044206,9.33102308511734,-1.8637500703334808
4.71399357,20,1713,42.99,5376,2,0.51,0.0003,2.7320313453674316,200,0.09838593006134033,0.2,0.0734375,0.010837861,-0.030667672539129852,7.4387858510017395,-2.0245155900716783
5.302620280000001,21,1799,42.37,5632,2,0.54,0.0003,1.7392655611038208,210,0.3536480665206909,0.2,0.065625,0.014085374,-0.02863253199029714,5.01011677980423,-1.976828870177269
6.3841640700000015,22,1891,41.16,5888,2,0.6,0.0003,2.804365396499634,220,0.45462584495544434,0.2,0.037890625,0.010788292,-0.02073720961343497,8.817116141319275,-1.9479717671871186
7.640647480000001,23,1979,37.5,6144,2,0.67,0.0003,4.858680725097656,230,0.37813472747802734,0.2,0.04609375,0.008276474,-0.01595441934186965,10.187555170059204,-1.8337625056505202
9.02243342,24,2069,33.98,6400,2,0.75,0.0003,2.5021963119506836,240,-0.32671666145324707,0.2,0.1,0.011175362,-0.019824317656457424,5.739047837257385,-1.684097272157669
9.4265019,25,2155,30.88,6656,2,0.77,0.0003,1.0865452289581299,250,0.33826321363449097,0.2,0.123046875,0.01184178,-0.02855462769512087,3.7674878001213075,-1.714428001642227
9.96677953,26,2247,28.18,6912,2,0.8,0.0003,2.0269205570220947,260,0.5077840089797974,0.2,0.02265625,0.0058324356,-0.017146827769465744,4.7607210874557495,-1.6127275615930556
11.307073429999997,27,2340,23.47,7168,2,0.88,0.0003,2.355849504470825,270,0.6051689386367798,0.2,0.09609375,0.01654568,-0.027814281918108464,5.344206213951111,-1.5967546492815017
12.00422219,28,2433,18.39,7424,2,0.92,0.0003,0.6924608945846558,280,0.21066516637802124,0.2,0.10078125,0.014120866,-0.022116168146021666,2.0385831862688066,-1.4089131712913514
11.846328809999997,29,2524,17.14,7680,2,0.91,0.0003,1.0660839080810547,290,0.6832781434059143,0.2,0.06875,0.010719758,-0.022423031087964774,3.6550954282283783,-1.4635019689798354
12.175437149999999,30,2619,16.05,7936,2,0.93,0.0003,3.9722743034362793,300,0.5307502746582031,0.2,0.0265625,0.0074906675,-0.010155912372283638,8.060361158847808,-1.4740529298782348
12.198688729999997,31,2713,15.11,8192,2,0.93,0.0003,1.2891950607299805,310,0.15402185916900635,0.2,0.056640625,0.0096599255,-0.01800571734784171,3.0191134989261625,-1.472989684343338
12.36170435,32,2809,14.69,8448,2,0.94,0.0003,0.6129190921783447,320,0.5597051978111267,0.2,0.059375,0.007267681,-0.009047614701557904,2.990421585738659,-1.3485162377357482
12.55822621,33,2908,13.96,8704,2,0.95,0.0003,0.5077738165855408,330,-0.8063101768493652,0.2,0.112109375,0.010956885,-0.02624576003290713,1.2405770748853684,-1.3377217322587966
13.232846059999996,34,3009,12.41,8960,2,0.99,0.0003,0.1089840829372406,340,0.44514960050582886,0.2,0.099609375,0.010211447,-0.018962955847382546,0.410809775441885,-1.1657674491405488
13.277800730000001,35,3104,11.45,9216,2,0.99,0.0003,0.02641300857067108,350,0.5241250991821289,0.2,0.13828125,0.017534152,-0.030565093574114143,0.26436116062104703,-1.2256567806005478
13.275677780000002,36,3199,11.07,9472,2,0.99,0.0003,0.6548194289207458,360,0.5950201749801636,0.2,0.05390625,0.008504402,-0.020745350001379847,3.696727526187897,-1.2998029738664627
13.224901379999999,37,3293,11.47,9728,2,0.99,0.0003,0.7774873375892639,370,0.5469772815704346,0.2,0.05859375,0.0071899006,-0.011323933396488428,1.2321355685591697,-1.1197151631116866
13.077178590000003,38,3389,11.72,9984,2,0.98,0.0003,4.949097633361816,380,0.2291991114616394,0.2,0.03515625,0.0045097675,-0.013793273956980556,5.027494394779206,-1.1445423096418381
13.054892299999999,39,3485,12.34,10240,2,0.98,0.0003,1.6955146789550781,390,0.6432141065597534,0.2,0.084765625,0.011123225,-0.013324963534250856,4.0999886929988865,-1.255364289879799
13.100223979999999,40,3588,11.69,10496,2,0.98,0.0003,1.0392968654632568,400,-0.6180323362350464,0.2,0.068359375,0.010181461,-0.028312066150829197,2.836699092388153,-1.1821353346109391
