#{"t_start": 1789637592.1441593, "env_id": "None"}
r,l,t,is_success,terminal_reason,stage
-3.270104,60,1.042277,False,stalled,2
12.264089,6,1.045522,True,success,2
-2.001383,51,1.063891,False,stalled,2
11.85916,6,1.066939,True,success,2
11.74,3,1.068841,True,success,2
-3.361062,56,1.089169,False,stalled,2
12.828989,20,1.096869,True,success,2
12.985755,6,1.099795,True,success,2
11.813068,6,1.102734,True,success,2
12.52713,19,1.110335,True,success,2
12.886249,9,1.114291,True,success,2
12.107287,7,1.117572,True,success,2
13.941035,9,1.178528,True,success,2
12.452032,8,1.182216,True,success,2
12.597876,20,1.190984,True,success,2
11.59257,13,1.19633,True,success,2
12.89501,9,1.201125,True,success,2
11.753226,6,1.204189,True,success,2
12.422789,27,1.214074,True,success,2
13.222373,9,1.218307,True,success,2
13.920635,10,1.222537,True,success,2
11.678936,11,1.227085,True,success,2
13.055551,13,1.232924,True,success,2
12.168383,4,1.235214,True,success,2
11.428383,16,1.241343,True,success,2
13.032188,12,1.246918,True,success,2
12.083188,28,1.257122,True,success,2
12.019504,19,1.264882,True,success,2
13.669371,8,1.268485,True,success,2
10.894012,43,1.340244,True,success,2
-4.536992,50,1.357391,False,stalled,2
-0.694291,41,1.372657,False,stalled,2
12.673854,8,1.376368,True,success,2
13.204017,6,1.379257,True,success,2
11.856926,7,1.383085,True,success,2
11.643131,9,1.387174,True,success,2
13.549805,15,1.393034,True,success,2
12.574078,12,1.398423,True,success,2
13.698903,12,1.403387,True,success,2
12.585706,11,1.407957,True,success,2
-1.726803,50,1.426661,False,stalled,2
14.088195,10,1.431521,True,success,2
-1.304677,37,1.500676,False,stalled,2
12.586046,27,1.511698,True,success,2
12.787736,6,1.514662,True,success,2
11.879608,8,1.518204,True,success,2
13.082678,9,1.522545,True,success,2
12.641391,9,1.526443,True,success,2
13.546739,10,1.530651,True,success,2
14.059152,13,1.536284,True,success,2
12.707543,14,1.542014,True,success,2
11.187467,49,1.559397,True,success,2
12.742663,9,1.563415,True,success,2
-1.784007,40,1.577973,False,stalled,2
11.038112,24,1.587421,True,success,2
