time/time_elapsed,rollout/ep_len_mean,time/iterations,rollout/ep_rew_mean,time/total_timesteps,time/fps,rollout/success_rate,train/explained_variance,train/clip_fraction,train/n_updates,train/learning_rate,train/loss,train/value_loss,train/entropy_loss,train/clip_range,train/policy_gradient_loss,train/approx_kl
0,20.14,1,9.94918721,61952,2422,0.83,,,,,,,,,,
0,19.96,2,10.12435838,62208,1745,0.84,0.35267436504364014,0.1484375,2420,0.0003,2.328209400177002,8.256873416900635,-1.1096516042947768,0.2,-0.03312885463237762,0.023284912
0,20.72,3,10.26880499,62464,1703,0.85,0.10833626985549927,0.27109375,2430,0.0003,1.716780662536621,4.823260718584061,-1.2097999513149262,0.2,-0.04720268175005913,0.04632096
0,18.92,4,10.968870120000002,62720,1660,0.89,0.4803178310394287,0.2203125,2440,0.0003,1.7145050764083862,5.35571181178093,-1.221371939778328,0.2,-0.03974054970312864,0.036240377
0,19.54,5,10.506183039999998,62976,1640,0.86,0.6731171607971191,0.218359375,2450,0.0003,0.6672474145889282,3.411182689666748,-1.1296009182929994,0.2,-0.04018741368781775,0.033319727
0,18.95,6,10.683865329999998,63232,1621,0.87,0.7401806116104126,0.3140625,2460,0.0003,1.2182265520095825,6.774641233682632,-1.2809759318828582,0.2,-0.033768797386437656,0.04124601
1,18.56,7,10.99168804,63488,1607,0.89,0.5424220561981201,0.137109375,2470,0.0003,3.538958787918091,7.998225319385528,-1.0599013313651084,0.2,-0.034031664684880523,0.02253334
1,18.63,8,10.490867719999999,63744,1562,0.86,-0.16391384601593018,0.194921875,2480,0.0003,0.6486015319824219,2.242657631635666,-1.0180993959307671,0.2,-0.04336901385104284,0.03968912
1,18.1,9,10.55871552,64000,1554,0.86,0.7363897562026978,0.129296875,2490,0.0003,2.0578222274780273,8.236964303255082,-1.119696632027626,0.2,-0.01813794453628361,0.017597724
1,17.52,10,10.68853421,64256,1554,0.87,0.731623113155365,0.228125,2500,0.0003,1.3208212852478027,4.82039275765419,-1.1623134344816208,0.2,-0.03401502568740398,0.032547522
1,16.96,11,10.704286719999997,64512,1550,0.87,0.7690223455429077,0.223046875,2510,0.0003,0.6260145306587219,2.6975197583436965,-1.1533948630094528,0.2,-0.0331031613284722,0.029325277
1,16.99,12,10.889829160000001,64768,1543,0.88,0.36374855041503906,0.1640625,2520,0.0003,2.8569228649139404,10.961337184906006,-1.159975728392601,0.2,-0.0361694524763152,0.018160976
2,17.66,13,10.591186319999998,65024,1543,0.86,0.32525891065597534,0.165234375,2530,0.0003,1.4532201290130615,5.47788724899292,-1.1541260302066803,0.2,-0.03855992557946593,0.022547614
2,17.97,14,10.374022700000001,65280,1540,0.85,0.37948209047317505,0.087890625,2540,0.0003,1.7414910793304443,10.446434599161147,-1.1093704760074616,0.2,-0.024027578823734075,0.010892936
2,17.66,15,10.576275490000002,65536,1537,0.86,0.4101549983024597,0.113671875,2550,0.0003,2.037322998046875,6.74902166724205,-1.1449637353420257,0.2,-0.024737014900892973,0.013219895
2,18.4,16,10.337356060000001,65792,1530,0.85,0.6420602798461914,0.090234375,2560,0.0003,1.373855710029602,5.908324092626572,-1.0433647945523261,0.2,-0.017841508076526225,0.011758821
2,18.71,17,10.21395949,66048,1527,0.84,0.38193458318710327,0.208203125,2570,0.0003,1.0124036073684692,5.839565074443817,-1.3388205200433732,0.2,-0.033547928812913595,0.022395529
3,19.08,18,10.2029049,66304,1529,0.84,0.5537410974502563,0.1140625,2580,0.0003,0.9430655241012573,6.270563468337059,-1.2367615073919296,0.2,-0.021960446832235903,0.015451691
3,18.35,19,10.454127710000002,66560,1526,0.86,0.12390154600143433,0.123828125,2590,0.0003,1.5309662818908691,6.0973348140716555,-1.0610100731253624,0.2,-0.025634989771060646,0.019523136
3,18.0,20,10.562509409999997,66816,1521,0.86,0.6376595497131348,0.152734375,2600,0.0003,0.6059513688087463,3.0967221438884733,-1.1939602702856065,0.2,-0.029213744704611598,0.016694166
3,17.91,21,10.618077200000002,67072,1520,0.86,0.6441331505775452,0.18984375,2610,0.0003,1.0744013786315918,4.982236942648887,-1.2772873491048813,0.2,-0.033413665392436086,0.039756484
3,18.73,22,10.62291506,67328,1521,0.86,-0.2923898696899414,0.214453125,2620,0.0003,3.1377437114715576,7.702776747941971,-1.2757190823554994,0.2,-0.04125301765743643,0.025470713
3,18.73,23,10.413852769999998,67584,1521,0.85,0.503682017326355,0.18125,2630,0.0003,1.6468104124069214,6.597937750816345,-1.3793425649404525,0.2,-0.030176216061227022,0.01993815
4,19.48,24,9.777553000000001,67840,1520,0.81,0.5886832475662231,0.1359375,2640,0.0003,3.135993242263794,7.769480353593826,-1.2867782056331634,0.2,-0.025926096714101732,0.019262034
4,19.32,25,10.074708889999998,68096,1519,0.83,0.5877163410186768,0.11484375,2650,0.0003,1.8343430757522583,8.854469782114029,-1.1548718154430389,0.2,-0.03220130978152156,0.019140346
4,19.74,26,9.8930476,68352,1519,0.82,0.4377303123474121,0.087109375,2660,0.0003,1.5654817819595337,8.930618906021119,-1.2631105452775955,0.2,-0.024906530743464828,0.014588118
4,19.54,27,9.99132661,68608,1518,0.83,0.44189316034317017,0.19453125,2670,0.0003,1.8205678462982178,4.9769230544567105,-1.2217316925525665,0.2,-0.04158996026962995,0.02205133
4,18.89,28,10.037410990000001,68864,1515,0.84,0.5182296633720398,0.238671875,2680,0.0003,0.4512973129749298,2.9500695765018463,-1.2365984916687012,0.2,-0.040174515638500455,0.025560891
4,17.88,29,10.227420660000002,69120,1514,0.85,0.609081506729126,0.140234375,2690,0.0003,1.030767560005188,6.134598407149315,-1.1370710879564285,0.2,-0.03431164538487792,0.03225199
5,17.42,30,10.59398991,69376,1514,0.87,0.625523030757904,0.12109375,2700,0.0003,1.3668065071105957,5.758062577247619,-1.2882495939731597,0.2,-0.02044844242045656,0.02441658
5,16.61,31,11.0124371,69632,1514,0.9,0.5503280162811279,0.111328125,2710,0.0003,2.5299134254455566,9.661414921283722,-1.3322000831365586,0.2,-0.03039860698627308,0.012606435
5,16.82,32,10.88726735,69888,1512,0.89,0.6555246710777283,0.0953125,2720,0.0003,1.537153720855713,5.016846871376037,-1.1680234611034392,0.2,-0.023756785283330827,0.011485625
5,16.7,33,10.72390383,70144,1512,0.88,0.5067206025123596,0.180859375,2730,0.0003,1.521130919456482,4.330779421329498,-1.2591920286417007,0.2,-0.028927287878468634,0.018769529
5,17.65,34,10.78030111,70400,1513,0.88,0.2874334454536438,0.205859375,2740,0.0003,1.2731441259384155,5.108666777610779,-1.2077521502971649,0.2,-0.042216943542007355,0.021504704
5,18.3,35,10.63036657,70656,1513,0.87,0.5383062958717346,0.167578125,2750,0.0003,2.000256299972534,7.300072515010834,-1.0943247437477113,0.2,-0.03703934175428003,0.021186933
6,18.19,36,10.70860216,70912,1512,0.87,0.22586631774902344,0.133203125,2760,0.0003,1.5805916786193848,7.416939401626587,-1.1790987640619277,0.2,-0.03249404872767627,0.016108781
6,17.9,37,10.934788070000002,71168,1511,0.88,0.6143254637718201,0.113671875,2770,0.0003,1.5521820783615112,5.568110966682434,-1.286567097902298,0.2,-0.03056807122193277,0.016988853
6,18.18,38,11.004845029999998,71424,1511,0.88,0.6679445505142212,0.131640625,2780,0.0003,1.506282091140747,6.444679719209671,-1.1583686530590058,0.2,-0.024039097875356675,0.021587716
6,18.33,39,10.837807529999997,71680,1511,0.87,0.720365047454834,0.205859375,2790,0.0003,0.5701360106468201,4.324638682603836,-1.337011906504631,0.2,-0.03649078371236101,0.021997117
6,17.81,40,11.051041809999997,71936,1508,0.88,0.6291837692260742,0.11875,2800,0.0003,1.614367127418518,6.4509417593479155,-1.3353085339069366,0.2,-0.028553502913564444,0.018588835
6,17.68,41,10.87262509,72192,1508,0.87,0.44466274976730347,0.2296875,2810,0.0003,0.7580615878105164,3.849916896224022,-1.1704960078001023,0.2,-0.05031744143925607,0.033618316
7,16.51,42,11.286274250000002,72448,1507,0.9,0.38369977474212646,0.1671875,2820,0.0003,1.6099313497543335,4.949693351984024,-1.2697691380977632,0.2,-0.03588356119580567,0.021556865
7,17.18,43,11.27373683,72704,1508,0.9,0.7515415549278259,0.190625,2830,0.0003,0.40081170201301575,3.3486866533756254,-1.270981991291046,0.2,-0.030267970147542657,0.015890235
7,18.42,44,10.745550530000001,72960,1509,0.87,0.7346502542495728,0.155859375,2840,0.0003,0.7824887037277222,4.436735135316849,-1.3155093967914582,0.2,-0.029878410953097047,0.019068575
7,18.92,45,10.39077392,73216,1510,0.85,0.6226486563682556,0.14609375,2850,0.0003,2.602754831314087,7.211401152610779,-1.2447052329778672,0.2,-0.022593149717431517,0.02218048
7,19.13,46,10.695284369999998,73472,1511,0.87,0.3590582609176636,0.09296875,2860,0.0003,3.879688262939453,11.94200689792633,-1.2519067585468293,0.2,-0.028267634380608798,0.0133996
7,19.5,47,10.699233240000002,73728,1512,0.87,0.2382604479789734,0.168359375,2870,0.0003,4.177112102508545,10.807402181625367,-1.3305997759103776,0.2,-0.03770563309080899,0.021921314
8,20.33,48,10.303690250000002,73984,1512,0.85,0.5413883924484253,0.1515625,2880,0.0003,1.3569759130477905,5.838165414333344,-1.2628107398748398,0.2,-0.03351858069654554,0.016420782
8,20.2,49,10.08453094,74240,1511,0.84,0.5718969106674194,0.206640625,2890,0.0003,1.5848097801208496,7.260203874111175,-1.179682257771492,0.2,-0.026208910206332803,0.023143865
8,21.07,50,10.07396008,74496,1512,0.84,0.7194676399230957,0.191015625,2900,0.0003,2.523905038833618,6.618978345394135,-1.3026606738567352,0.2,-0.033695576200261715,0.019845188
8,20.56,51,10.424094650000002,74752,1512,0.86,0.37567007541656494,0.1796875,2910,0.0003,2.525070905685425,6.331928354501724,-1.3458421617746352,0.2,-0.03242402274627239,0.024682935
8,18.81,52,11.38486891,75008,1511,0.92,-0.7478357553482056,0.223828125,2920,0.0003,0.2145809829235077,1.4666923761367798,-1.1363680422306062,0.2,-0.04799231390934437,0.050777048
8,17.25,53,11.4978901,75264,1512,0.92,-0.15502727031707764,0.332421875,2930,0.0003,0.2979595363140106,0.8814521066844463,-1.1410886198282242,0.2,-0.05151329437503591,0.062193185
9,17.88,54,10.87041751,75520,1512,0.88,0.10838127136230469,0.2921875,2940,0.0003,0.4052054286003113,1.9229334324598313,-1.2926576882600784,0.2,-0.04032894948031753,0.05995114
9,18.07,55,10.73614602,75776,1513,0.87,0.38156968355178833,0.213671875,2950,0.0003,1.1236017942428589,5.268404453992844,-1.275241807103157,0.2,-0.02640840639360249,0.037165057
9,16.0,56,11.310324689999998,76032,1512,0.9,0.5041154026985168,0.13125,2960,0.0003,2.7773900032043457,7.109133183956146,-1.1536356925964355,0.2,-0.029435599315911533,0.016675476
9,16.23,57,11.0217764,76288,1511,0.88,0.6711925268173218,0.103125,2970,0.0003,0.6660019159317017,3.6046448677778242,-1.1172463923692704,0.2,-0.02259136262582615,0.01528549
9,16.89,58,10.67784705,76544,1512,0.86,0.38880008459091187,0.176953125,2980,0.0003,1.3316857814788818,3.755807155370712,-1.0919823467731475,0.2,-0.04181703301146626,0.027942894
9,16.68,59,10.62360542,76800,1512,0.86,0.7511918544769287,0.142578125,2990,0.0003,1.3120986223220825,4.519923460483551,-1.2675063550472259,0.2,-0.02916533048264682,0.017516963
10,15.58,60,11.139829369999998,77056,1511,0.89,-0.8608260154724121,0.17265625,3000,0.0003,0.7696377038955688,2.6965478271245957,-1.1478558957576752,0.2,-0.03540356259327382,0.025616966
10,15.64,61,11.302501519999996,77312,1512,0.9,0.5539779663085938,0.16015625,3010,0.0003,1.1839054822921753,4.147037756443024,-1.1247862786054612,0.2,-0.0329544406151399,0.021337084
10,16.13,62,11.296649259999999,77568,1512,0.9,0.6812426447868347,0.18203125,3020,0.0003,1.4114186763763428,5.527013850212097,-1.296870905160904,0.2,-0.03367051901295781,0.016423035
10,16.29,63,11.11655131,77824,1513,0.89,0.5705646276473999,0.108984375,3030,0.0003,2.050551414489746,7.397781705856323,-1.1262632578611373,0.2,-0.02953847674652934,0.01728534
10,16.37,64,11.393101279999998,78080,1512,0.91,0.7781764268875122,0.14765625,3040,0.0003,0.480599582195282,3.245009207725525,-1.1669296264648437,0.2,-0.030485421209596096,0.018155683
10,17.09,65,10.994765340000004,78336,1512,0.89,-0.4700751304626465,0.162890625,3050,0.0003,2.216407299041748,7.122159576416015,-1.1551134198904038,0.2,-0.033903735829517244,0.01972926
11,18.17,66,10.635578140000002,78592,1514,0.87,0.41990870237350464,0.158984375,3060,0.0003,3.8733816146850586,10.094596326351166,-1.295861330628395,0.2,-0.03609808454057202,0.019453764
11,18.79,67,10.623057209999999,78848,1514,0.87,0.24944865703582764,0.133203125,3070,0.0003,2.5711066722869873,7.450402879714966,-1.3233040779829026,0.2,-0.03268931393977255,0.015405074
11,17.64,68,10.62685675,79104,1514,0.87,0.22808432579040527,0.155078125,3080,0.0003,1.6867122650146484,4.203863543272019,-1.1584107398986816,0.2,-0.036150161945261064,0.023019727
11,18.45,69,10.36983574,79360,1515,0.85,0.5459088087081909,0.132421875,3090,0.0003,2.7148523330688477,7.838972377777099,-1.042256373167038,0.2,-0.029849774215836077,0.022112431
11,19.78,70,10.142102809999999,79616,1516,0.84,0.681755006313324,0.105859375,3100,0.0003,2.6999711990356445,10.969607293605804,-1.2260544031858445,0.2,-0.02300715665332973,0.013964196
11,19.48,71,10.168082609999999,79872,1516,0.84,0.7284024953842163,0.17265625,3110,0.0003,2.1311988830566406,6.951842558383942,-1.2491065084934234,0.2,-0.04060950023122132,0.026616415
12,20.04,72,9.94443422,80128,1517,0.82,0.6546541452407837,0.14609375,3120,0.0003,1.4937028884887695,8.110643297433853,-1.162280011177063,0.2,-0.028890415630303323,0.018984333
12,19.25,73,10.318656800000001,80384,1517,0.84,0.573577344417572,0.16640625,3130,0.0003,1.7824649810791016,6.1009694814682005,-1.2591534733772278,0.2,-0.03238537940196693,0.030204099
12,18.74,74,10.20922538,80640,1518,0.83,0.3934110403060913,0.105859375,3140,0.0003,1.7817782163619995,9.443950355052948,-1.2274439871311187,0.2,-0.024260182806756347,0.012999369
12,19.97,75,10.087700299999998,80896,1519,0.82,0.4626706838607788,0.1125,3150,0.0003,3.190845489501953,10.785608410835266,-1.1351624786853791,0.2,-0.03312990940175951,0.0149690695
12,19.41,76,10.74957708,81152,1519,0.86,0.24661695957183838,0.186328125,3160,0.0003,2.4851200580596924,8.522397464513778,-1.135665836930275,0.2,-0.04930127118714154,0.025931276
12,18.69,77,11.369339349999997,81408,1519,0.9,-0.28825974464416504,0.166015625,3170,0.0003,0.9742962121963501,3.0881344825029373,-1.1463464766740799,0.2,-0.03918267155531794,0.02505828
13,17.39,78,11.65452476,81664,1519,0.92,-0.7985343933105469,0.2140625,3180,0.0003,1.6390341520309448,5.637551438808441,-1.2620651334524156,0.2,-0.032261125184595583,0.04655158
13,16.65,79,11.8506093,81920,1518,0.93,-0.28629517555236816,0.266796875,3190,0.0003,0.37086448073387146,1.9209697395563126,-1.0278518170118331,0.2,-0.05129936789162457,0.07574745
0,15.87,1,11.92752052,82176,2304,0.94,0.3721036911010742,0.2390625,3200,0.0003,0.3680742681026459,1.9544438630342484,-1.1330329418182372,0.2,-0.04580701172817499,0.03362307
0,14.96,2,11.94506115,82432,1793,0.94,0.3937755823135376,0.192578125,3210,0.0003,0.7036519050598145,3.4602093517780306,-1.2438000291585922,0.2,-0.04633761765435338,0.03530905
0,14.62,3,11.703327379999998,82688,1688,0.93,0.42231178283691406,0.171875,3220,0.0003,0.9270967841148376,3.9871605306863787,-1.171493411064148,0.2,-0.04255290266592056,0.025287878
0,14.89,4,11.74296913,82944,1664,0.93,0.22807133197784424,0.212890625,3230,0.0003,2.367260217666626,5.551131111383438,-1.1721810340881347,0.2,-0.0416006586747244,0.028421098
0,16.16,5,11.349608940000001,83200,1643,0.91,0.20644158124923706,0.14609375,3240,0.0003,1.8882211446762085,6.416996800899506,-1.1716752350330353,0.2,-0.0353535199072212,0.019968448
0,16.86,6,10.966158459999999,83456,1624,0.89,0.4018285870552063,0.275,3250,0.0003,1.2310705184936523,5.169379615783692,-1.2104796797037125,0.2,-0.053227947931736706,0.034916133
1,16.54,7,10.870236989999999,83712,1609,0.88,0.441211462020874,0.178515625,3260,0.0003,2.1692936420440674,6.224458926916123,-1.1638125836849214,0.2,-0.04044889532960951,0.027572483
1,17.36,8,11.01802533,83968,1594,0.89,0.38159096240997314,0.19765625,3270,0.0003,0.5036627054214478,3.2277625113725663,-1.1081396400928498,0.2,-0.03707784260623157,0.033867724
1,18.21,9,10.994738160000002,84224,1589,0.89,0.5350121259689331,0.201953125,3280,0.0003,1.2248536348342896,4.557522946596146,-1.2048308551311493,0.2,-0.033857470226939766,0.023893487
1,19.15,10,10.634167730000001,84480,1584,0.87,0.4159519672393799,0.150390625,3290,0.0003,0.8632211685180664,4.9679068386554714,-0.9759033784270287,0.2,-0.025002307305112482,0.017338684
1,19.32,11,10.499135559999997,84736,1585,0.86,0.35341084003448486,0.202734375,3300,0.0003,0.9274632930755615,3.955361473560333,-1.2875526905059815,0.2,-0.03102788608521223,0.020976726
1,19.8,12,10.18929216,84992,1583,0.84,0.2703284025192261,0.178125,3310,0.0003,3.615569591522217,11.216263699531556,-1.2816740244626998,0.2,-0.030412464030086996,0.015497025
2,18.98,13,10.381933799999999,85248,1577,0.85,0.4162670969963074,0.228125,3320,0.0003,1.6960294246673584,5.581585335731506,-1.2338722318410873,0.2,-0.04291094267973676,0.03257829
2,18.51,14,10.617236560000004,85504,1577,0.87,0.6064820289611816,0.138671875,3330,0.0003,1.8229434490203857,4.964071798324585,-1.0760022759437562,0.2,-0.033610786299686876,0.016219374
2,18.93,15,10.325634030000002,85760,1575,0.85,0.5174596905708313,0.07421875,3340,0.0003,0.8792794346809387,4.880259388685227,-1.1061126738786697,0.2,-0.017382669146172702,0.011578428
2,18.86,16,10.02777293,86016,1571,0.83,0.6745761036872864,0.174609375,3350,0.0003,1.8701488971710205,6.208420318365097,-1.3236859291791916,0.2,-0.02662910157814622,0.019174928
2,19.0,17,10.03073088,86272,1570,0.83,0.6110852956771851,0.160546875,3360,0.0003,1.6049127578735352,5.4472615897655485,-1.1881151765584945,0.2,-0.025179867586120962,0.028559223
2,19.95,18,9.736207839999999,86528,1572,0.81,0.8152570128440857,0.115625,3370,0.0003,1.3566457033157349,6.549124801158905,-1.151165920495987,0.2,-0.02314503665547818,0.023149062
3,18.93,19,10.10055388,86784,1570,0.83,0.4819314479827881,0.09765625,3380,0.0003,3.3128485679626465,15.716190826892852,-1.277822133898735,0.2,-0.025972087983973324,0.015282179
3,18.44,20,10.31886019,87040,1569,0.84,0.6334824562072754,0.158984375,3390,0.0003,4.706297874450684,11.943716621398925,-1.1231356263160706,0.2,-0.03800460339989513,0.024979949
3,18.21,21,10.30697891,87296,1566,0.84,0.3658955693244934,0.1,3400,0.0003,3.6714565753936768,9.324960303306579,-1.056135530769825,0.2,-0.03175908727571368,0.018207744
3,16.63,22,10.990228799999997,87552,1564,0.88,0.8206400871276855,0.13515625,3410,0.0003,1.1141808032989502,3.7474162608385084,-1.0784453764557838,0.2,-0.03552869322011247,0.029637508
3,15.87,23,11.199203679999998,87808,1562,0.89,0.5064057111740112,0.148046875,3420,0.0003,2.0288143157958984,8.633129584789277,-1.045842283964157,0.2,-0.030602000711951405,0.019642618
3,16.14,24,11.306717729999995,88064,1561,0.9,0.7166134715080261,0.085546875,3430,0.0003,1.4643275737762451,6.136271870136261,-1.120295175909996,0.2,-0.020949313638266177,0.012661007
4,16.68,25,11.22449838,88320,1561,0.9,0.8435680866241455,0.156640625,3440,0.0003,1.6248639822006226,6.313071304559708,-1.192458948493004,0.2,-0.028098107362166048,0.019807193
4,16.21,26,10.992870819999998,88576,1559,0.89,0.7899141311645508,0.193359375,3450,0.0003,1.8805185556411743,6.972315800189972,-1.228654545545578,0.2,-0.03068708369974047,0.019960538
4,15.41,27,11.229261039999999,88832,1556,0.9,0.8204082250595093,0.116015625,3460,0.0003,1.7962548732757568,4.995414362847805,-1.018218794465065,0.2,-0.027932940633036196,0.032914568
4,16.66,28,10.949687939999999,89088,1558,0.88,0.6914405822753906,0.139453125,3470,0.0003,2.0174202919006348,4.734405952692032,-1.0199903026223183,0.2,-0.028350268537178636,0.017296756
4,17.37,29,10.57046487,89344,1557,0.86,0.6990829706192017,0.076953125,3480,0.0003,1.807904839515686,10.703008091449737,-1.0072428345680238,0.2,-0.025307099614292384,0.014733604
4,17.67,30,10.85301226,89600,1557,0.88,0.858628511428833,0.156640625,3490,0.0003,1.4840376377105713,8.394072818756104,-1.2081358760595322,0.2,-0.04045556478668004,0.026907701
5,16.56,31,11.18951469,89856,1558,0.9,-0.251712441444397,0.148828125,3500,0.0003,1.5615240335464478,6.216658401489258,-1.1594590455293656,0.2,-0.03662466171663255,0.023354309
5,17.28,32,11.389258410000002,90112,1557,0.91,0.4712798595428467,0.194921875,3510,0.0003,3.3619890213012695,11.742125564813614,-1.1656663358211516,0.2,-0.03942951238714158,0.01982692
5,17.69,33,11.53355309,90368,1553,0.92,-0.46625185012817383,0.218359375,3520,0.0003,1.0031566619873047,3.3810557961463927,-1.0868346244096756,0.2,-0.036265710659790784,0.05767539
5,19.24,34,11.097863740000001,90624,1555,0.89,-0.15969443321228027,0.231640625,3530,0.0003,0.4799764156341553,2.6476729407906534,-1.0485894575715065,0.2,-0.04376234814990312,0.046746314
5,20.04,35,11.23555711,90880,1556,0.9,0.32854920625686646,0.196484375,3540,0.0003,1.410581111907959,5.053595572710037,-1.210080748796463,0.2,-0.02193450373597443,0.02681538
5,18.68,36,11.470166369999998,91136,1555,0.92,0.003160715103149414,0.2375,3550,0.0003,0.9728273153305054,2.568198508024216,-1.1509907335042953,0.2,-0.04565873048268258,0.03456
6,18.33,37,11.319440939999998,91392,1555,0.91,0.5408216714859009,0.208984375,3560,0.0003,0.8025137782096863,3.336443004012108,-0.9584157392382622,0.2,-0.05318573814583942,0.045385778
6,18.78,38,10.882954300000002,91648,1556,0.88,0.26142406463623047,0.18046875,3570,0.0003,0.8645449876785278,4.464959305524826,-1.0458437651395798,0.2,-0.03618200160562992,0.026547665
6,18.25,39,10.687260030000003,91904,1556,0.87,0.42035114765167236,0.162890625,3580,0.0003,1.108069658279419,4.270609450340271,-1.1496495187282563,0.2,-0.03684664467582479,0.029328952
6,18.47,40,10.515419310000004,92160,1554,0.85,0.34631848335266113,0.188671875,3590,0.0003,2.1714301109313965,6.572527015209198,-1.0802814587950706,0.2,-0.04328332054428756,0.02657316
6,17.54,41,10.802640079999998,92416,1555,0.87,0.6048693656921387,0.1421875,3600,0.0003,1.530761480331421,5.025883734226227,-1.1815786719322205,0.2,-0.03363590131048113,0.020367183
6,17.13,42,10.831447449999999,92672,1555,0.87,0.5412139892578125,0.14921875,3610,0.0003,1.801413893699646,6.542009073495865,-1.075416924059391,0.2,-0.027677858248353004,0.020301403
7,17.51,43,10.569730869999999,92928,1553,0.85,0.6733033657073975,0.1921875,3620,0.0003,0.8244708180427551,3.513886106014252,-1.0754139006137848,0.2,-0.046307252207770946,0.03428301
7,16.2,44,10.90139734,93184,1550,0.87,0.7276710271835327,0.14140625,3630,0.0003,2.0857608318328857,6.993969684839248,-1.0863804191350936,0.2,-0.032039829366840425,0.021897452
7,15.62,45,10.859173750000002,93440,1551,0.87,0.6285603046417236,0.132421875,3640,0.0003,1.9792317152023315,8.068448269367218,-1.0699807465076447,0.2,-0.03419372144853696,0.02028589
7,15.88,46,10.962535729999999,93696,1550,0.88,0.4940038323402405,0.12578125,3650,0.0003,3.3396987915039062,9.494722890853883,-1.2594196200370789,0.2,-0.030630835238844155,0.01511716
7,16.87,47,10.64801187,93952,1551,0.86,0.7412288188934326,0.07578125,3660,0.0003,3.4031729698181152,9.627433967590331,-1.1971048921346665,0.2,-0.019693611236289144,0.014161455
7,16.72,48,10.76748971,94208,1549,0.87,0.6938920021057129,0.087890625,3670,0.0003,5.647242069244385,12.581972754001617,-1.0652477532625197,0.2,-0.026017526863142848,0.010072556
8,16.37,49,10.730229549999999,94464,1546,0.87,0.49556422233581543,0.09765625,3680,0.0003,6.0445475578308105,12.284959781169892,-1.1888634830713272,0.2,-0.03354255936574191,0.016594686
8,16.27,50,10.843538789999998,94720,1545,0.88,0.8760432600975037,0.128515625,3690,0.0003,2.255357027053833,5.187271514534951,-1.050934022665024,0.2,-0.035469628591090444,0.01974677
8,17.26,51,10.537275620000003,94976,1546,0.86,0.5156160593032837,0.0765625,3700,0.0003,4.216286659240723,15.58688850402832,-1.0173768505454064,0.2,-0.01911242105998099,0.011144305
8,18.27,52,10.585217579999998,95232,1544,0.86,0.43598824739456177,0.2125,3710,0.0003,2.0764424800872803,8.89127321243286,-1.2876180857419968,0.2,-0.03491557720117271,0.02028267
8,17.36,53,10.68484742,95488,1544,0.87,0.30061405897140503,0.125,3720,0.0003,3.7830896377563477,10.300362038612366,-1.03371020257473,0.2,-0.03387581328861415,0.018149244
8,17.12,54,10.61300465,95744,1543,0.86,0.6061333417892456,0.260546875,3730,0.0003,2.4700121879577637,8.687529909610749,-1.166263261437416,0.2,-0.05021704963874072,0.03946559
9,17.12,55,10.40240011,96000,1542,0.85,0.7100023031234741,0.078515625,3740,0.0003,1.814805507659912,12.476793932914735,-1.1355191826820374,0.2,-0.021871167654171585,0.013857831
9,17.52,56,10.28058262,96256,1541,0.84,0.6532360911369324,0.12734375,3750,0.0003,4.809573173522949,13.62951568365097,-1.1870627045631408,0.2,-0.026245220773853363,0.016794035
9,17.46,57,10.520792270000001,96512,1538,0.85,0.4607384204864502,0.194140625,3760,0.0003,3.7916290760040283,12.845633542537689,-1.0764496952295304,0.2,-0.04012711348477751,0.023114406
9,16.83,58,10.26647809,96768,1537,0.83,0.7623123526573181,0.156640625,3770,0.0003,2.8552093505859375,7.229142171144486,-1.0789995044469833,0.2,-0.03705467404797673,0.019235186
9,15.84,59,10.786235729999998,97024,1535,0.86,0.49212533235549927,0.182421875,3780,0.0003,3.5308761596679688,12.899785959720612,-1.0883423328399657,0.2,-0.04724479189608246,0.031162085
10,15.71,60,10.927645739999997,97280,1535,0.87,0.5660573244094849,0.111328125,3790,0.0003,3.2043464183807373,7.4788590490818025,-1.0184723302721976,0.2,-0.021109705849085003,0.016186366
10,15.15,61,11.109419280000003,97536,1534,0.88,0.6367247104644775,0.101171875,3800,0.0003,1.6332406997680664,8.503369605541229,-1.1590499430894852,0.2,-0.026666580932214856,0.015169766
10,15.57,62,10.902000729999997,97792,1534,0.87,0.7615926861763,0.07109375,3810,0.0003,2.276970386505127,12.539887869358063,-1.1080616682767868,0.2,-0.02844954514876008,0.013708868
10,16.07,63,10.85493559,98048,1534,0.87,0.2908436059951782,0.08984375,3820,0.0003,9.148380279541016,23.583492970466615,-0.9795044824481011,0.2,-0.021640318166464566,0.018352687
10,16.74,64,10.50046132,98304,1533,0.85,0.4857431650161743,0.096875,3830,0.0003,3.9629664421081543,18.53082664012909,-1.0613161519169807,0.2,-0.026828103233128786,0.015282205
10,16.32,65,10.757543859999998,98560,1532,0.87,0.6457693576812744,0.155859375,3840,0.0003,5.194623947143555,14.67080111503601,-1.2165900647640229,0.2,-0.035631571349222214,0.024177972
11,17.26,66,10.56380529,98816,1531,0.86,0.5904598236083984,0.11328125,3850,0.0003,4.0575480461120605,13.290288805961609,-1.1054475158452988,0.2,-0.02620742010185495,0.011367881
11,16.83,67,10.532531220000001,99072,1530,0.86,0.4838442802429199,0.1765625,3860,0.0003,3.8006114959716797,13.095665323734284,-1.1654953449964522,0.2,-0.03371991866733879,0.016345512
11,15.54,68,11.17456197,99328,1529,0.9,0.8135644793510437,0.126171875,3870,0.0003,1.5318999290466309,5.2652535945177075,-1.032558636367321,0.2,-0.02577904090285301,0.03016422
11,15.85,69,11.153406510000002,99584,1529,0.9,-0.972905158996582,0.149609375,3880,0.0003,1.3827261924743652,4.941789525747299,-1.0052045717835427,0.2,-0.03582626316929236,0.025582477
11,15.02,70,11.44863013,99840,1528,0.92,0.5353366136550903,0.16171875,3890,0.0003,1.7711374759674072,8.780855005979538,-1.1052526533603668,0.2,-0.019037900026887655,0.01521625
11,13.56,71,11.73494224,100096,1527,0.94,0.36149710416793823,0.119921875,3900,0.0003,2.0060088634490967,7.984781461954117,-0.9978169813752175,0.2,-0.018369046854786575,0.014681068
12,13.97,72,11.797001810000001,100352,1527,0.94,0.9099180698394775,0.14921875,3910,0.0003,0.5762161612510681,2.0188707590103148,-1.0283317670226098,0.2,-0.02779018823057413,0.031373464
12,15.24,73,11.48383639,100608,1527,0.92,0.9072300791740417,0.292578125,3920,0.0003,0.187078058719635,2.356961467862129,-1.1626705884933473,0.2,-0.051823459146544334,0.04460928
12,15.96,74,11.19290451,100864,1527,0.9,0.5578364133834839,0.2625,3930,0.0003,0.9153185486793518,4.254993581771851,-1.100988458096981,0.2,-0.038186924252659085,0.076844335
12,16.2,75,11.279752349999999,101120,1528,0.9,0.7221004962921143,0.201171875,3940,0.0003,1.6024073362350464,7.954478543996811,-1.0940338313579558,0.2,-0.034813659638166426,0.026569948
12,16.69,76,11.192247190000003,101376,1528,0.89,0.712482213973999,0.128515625,3950,0.0003,3.630512237548828,9.824337100982666,-1.2215202420949935,0.2,-0.028568339848425238,0.01626879
12,17.17,77,11.315724320000001,101632,1527,0.89,0.5689098834991455,0.223046875,3960,0.0003,1.700551986694336,6.191979169845581,-1.0264939665794373,0.2,-0.05086448607034981,0.027659616
13,18.06,78,11.157529440000001,101888,1527,0.88,0.3947538137435913,0.169140625,3970,0.0003,2.356482744216919,7.6481710314750675,-1.0764161720871925,0.2,-0.035933675710111856,0.019092359
13,16.26,79,11.56752572,102144,1527,0.91,0.08013498783111572,0.1765625,3980,0.0003,1.594291090965271,6.661495804786682,-1.0447294786572456,0.2,-0.03288674231152981,0.03168217
0,15.61,1,11.85131947,102400,2244,0.93,0.6041563153266907,0.10625,3990,0.0003,0.48611128330230713,4.1487078130245205,-0.9182600304484367,0.2,-0.028081918507814406,0.040414248
0,15.97,2,11.658154839999998,102656,1816,0.92,-0.10696148872375488,0.199609375,4000,0.0003,1.235986351966858,4.496389400959015,-0.9425833970308304,0.2,-0.0403722366085276,0.02631634
0,15.34,3,11.561704559999999,102912,1720,0.92,0.6629084348678589,0.219921875,4010,0.0003,1.6812067031860352,7.598338001966477,-1.0507369324564935,0.2,-0.03975011867005378,0.022198843
0,14.24,4,11.809943670000003,103168,1655,0.94,0.7476807832717896,0.16171875,4020,0.0003,1.4328422546386719,5.712793016433716,-0.9038396224379539,0.2,-0.026664933748543264,0.02247033
0,14.81,5,11.67714118,103424,1628,0.93,0.4542103409767151,0.2421875,4030,0.0003,1.0584431886672974,5.064450317621231,-0.9336216732859611,0.2,-0.04397768352646381,0.05040976
0,15.69,6,11.40574163,103680,1611,0.91,0.35889625549316406,0.164453125,4040,0.0003,3.3283908367156982,9.148267650604248,-0.9940972119569779,0.2,-0.03028513623867184,0.032858662
1,16.92,7,11.116791699999998,103936,1595,0.89,0.586511492729187,0.232421875,4050,0.0003,3.439257860183716,9.906739115715027,-0.9592625871300697,0.2,-0.051880266540683805,0.03283789
1,17.47,8,10.762335689999997,104192,1577,0.87,0.34231477975845337,0.1328125,4060,0.0003,3.1139137744903564,13.051031053066254,-0.9955911338329315,0.2,-0.02672308194451034,0.015642405
1,16.99,9,11.102188249999998,104448,1572,0.89,0.24715977907180786,0.146484375,4070,0.0003,5.102652549743652,11.789137721061707,-0.9768447026610374,0.2,-0.03532759607769549,0.02546669
1,17.46,10,11.24809242,104704,1564,0.9,0.5457238554954529,0.14609375,4080,0.0003,3.5741212368011475,10.600474667549133,-0.9991440966725349,0.2,-0.03133191077504307,0.024435196
1,19.05,11,11.05723914,104960,1566,0.89,0.4673440456390381,0.21484375,4090,0.0003,2.3568778038024902,5.503401762247085,-1.0714145869016647,0.2,-0.040740652056410906,0.034844212
1,18.81,12,10.987118370000001,105216,1562,0.88,0.1676838994026184,0.17578125,4100,0.0003,1.584193468093872,6.463671553134918,-1.1552589386701584,0.2,-0.02625009692274034,0.026833203
2,18.49,13,11.394712109999999,105472,1557,0.91,0.5315262079238892,0.256640625,4110,0.0003,1.3030405044555664,5.508950647711754,-0.9733775466680527,0.2,-0.04525303328409791,0.057605706
2,17.34,14,11.83029022,105728,1553,0.94,-0.7875577211380005,0.30546875,4120,0.0003,0.2459906041622162,1.2163639932870864,-0.9463178798556328,0.2,-0.0541935276822187,0.08316947
2,18.79,15,11.58599206,105984,1553,0.92,0.6702342629432678,0.25859375,4130,0.0003,0.2323412299156189,1.7850395679473876,-1.030789029598236,0.2,-0.040005590626969935,0.033196528
2,17.15,16,11.613338099999998,106240,1545,0.92,0.5704251527786255,0.2140625,4140,0.0003,1.2833068370819092,5.628388679027557,-1.0664697736501694,0.2,-0.022400257689878345,0.022210212
2,15.9,17,11.617195839999999,106496,1542,0.92,0.7183281183242798,0.213671875,4150,0.0003,0.8980059027671814,3.0773392587900164,-0.9214947029948235,0.2,-0.0286642502527684,0.043096296
2,15.74,18,11.77610932,106752,1539,0.93,0.3952794671058655,0.15,4160,0.0003,1.8246649503707886,4.801429730653763,-0.9521630108356476,0.2,-0.03270385074429214,0.015803024
3,15.58,19,11.67100033,107008,1536,0.92,0.74012291431427,0.197265625,4170,0.0003,0.5357308387756348,2.735133296251297,-0.9185766041278839,0.2,-0.031450607161968944,0.03946823
3,15.29,20,11.798417440000001,107264,1536,0.93,0.7336273193359375,0.112890625,4180,0.0003,1.8411506414413452,6.83728144466877,-0.8381592854857445,0.2,-0.027699469460640103,0.027797189
3,14.3,21,11.993512579999999,107520,1535,0.94,-0.494189977645874,0.190234375,4190,0.0003,1.233581304550171,3.716255509853363,-0.9976424396038055,0.2,-0.034827674832195045,0.036191665
3,14.34,22,12.0815557,107776,1535,0.95,0.6092443466186523,0.14453125,4200,0.0003,0.5025680661201477,2.8193172991275786,-0.834794057905674,0.2,-0.028631916316226125,0.01944108
3,15.87,23,11.5968049,108032,1537,0.92,0.7228696346282959,0.169921875,4210,0.0003,1.1534544229507446,5.4268614709377285,-0.995883758366108,0.2,-0.033126080175861716,0.025058072
4,15.41,24,11.559190709999998,108288,1532,0.92,0.7066618204116821,0.095703125,4220,0.0003,2.5283238887786865,8.856825685501098,-1.2845317363739013,0.2,-0.023755361465737222,0.012549352
4,15.33,25,11.693496839999998,108544,1531,0.93,0.3475649356842041,0.1484375,4230,0.0003,1.972238302230835,6.355832302570343,-0.8788195446133613,0.2,-0.033671081729698925,0.020674339
4,16.18,26,11.35843893,108800,1532,0.9,0.7046791911125183,0.16328125,4240,0.0003,1.9566634893417358,4.1491374403238295,-0.9180479049682617,0.2,-0.03601416700985283,0.02171836
4,16.71,27,11.14499239,109056,1530,0.89,0.6231261491775513,0.21171875,4250,0.0003,0.8899363279342651,3.659306076169014,-0.9492566213011742,0.2,-0.03636023655999452,0.02872483
4,16.98,28,11.457341269999999,109312,1531,0.91,0.837252140045166,0.271875,4260,0.0003,0.5055124759674072,2.6011360943317414,-1.0234146922826768,0.2,-0.04024290160741657,0.027616031
4,15.14,29,11.96489691,109568,1531,0.94,-0.849776029586792,0.21015625,4270,0.0003,0.5936053395271301,2.1478099167346953,-0.988579061627388,0.2,-0.03885774984955788,0.029821157
5,16.01,30,11.71500483,109824,1532,0.92,0.19025838375091553,0.270703125,4280,0.0003,1.695067048072815,4.357883477210999,-1.010411450266838,0.2,-0.034296401380561295,0.030734953
5,16.75,31,11.866927049999997,110080,1532,0.93,0.3143038749694824,0.192578125,4290,0.0003,1.5273059606552124,4.2497746586799625,-0.9608796089887619,0.2,-0.04230000423267484,0.023501527
5,17.56,32,11.840292060000003,110336,1531,0.93,-0.7696223258972168,0.267578125,4300,0.0003,1.055592656135559,2.415708896517754,-1.054569238424301,0.2,-0.046803227299824356,0.043119308
5,17.26,33,11.944711280000002,110592,1529,0.94,0.41604459285736084,0.245703125,4310,0.0003,0.5935207009315491,2.102975144982338,-1.1623619496822357,0.2,-0.04773765115533024,0.040910076
5,17.32,34,12.075940860000003,110848,1530,0.95,0.2543247938156128,0.21484375,4320,0.0003,0.7640941143035889,2.853169345855713,-0.9556060031056404,0.2,-0.03877374303992838,0.030264812
5,16.24,35,11.89494917,111104,1528,0.94,-0.17734265327453613,0.34609375,4330,0.0003,0.2532970905303955,1.242011196911335,-1.0024720266461373,0.2,-0.05292903357185423,0.073826134
6,16.82,36,11.522136349999998,111360,1529,0.92,0.45411449670791626,0.208203125,4340,0.0003,0.9660797715187073,3.769904837012291,-1.0003711685538292,0.2,-0.0458603719715029,0.03172595
6,16.6,37,11.447957069999998,111616,1527,0.91,0.6539211273193359,0.165625,4350,0.0003,2.2510976791381836,5.804981124401093,-1.0655575558543204,0.2,-0.036463023512624204,0.020269783
6,14.84,38,11.311437820000002,111872,1525,0.9,0.6871758699417114,0.180078125,4360,0.0003,0.8732972741127014,3.609601679444313,-1.0405743688344955,0.2,-0.035668400954455136,0.021808375
6,14.38,39,11.357061080000003,112128,1525,0.9,0.7408162355422974,0.14921875,4370,0.0003,1.3970181941986084,5.088173252344132,-0.9386542961001396,0.2,-0.032564418646506964,0.019067315
6,14.48,40,11.222715520000001,112384,1525,0.89,0.5811786651611328,0.09453125,4380,0.0003,2.206385612487793,6.926755565404892,-0.9721534997224808,0.2,-0.027215670770965518,0.015218635
6,14.19,41,11.34096921,112640,1524,0.9,0.3027494549751282,0.169921875,4390,0.0003,3.460275888442993,9.055916833877564,-1.070459434390068,0.2,-0.03951248722150922,0.023675404
7,14.09,42,11.32298636,112896,1524,0.9,0.38559746742248535,0.14296875,4400,0.0003,1.6063895225524902,8.134011918306351,-0.9840741008520126,0.2,-0.035025773430243136,0.019218858
7,14.2,43,11.324879309999998,113152,1523,0.9,0.4462960958480835,0.1734375,4410,0.0003,1.9049218893051147,6.744424200057983,-1.126994064450264,0.2,-0.03662836095318198,0.023347799
7,14.09,44,11.0296481,113408,1523,0.88,0.6555172204971313,0.134765625,4420,0.0003,1.4135034084320068,4.5688660800457,-0.9176937729120255,0.2,-0.03713435232639313,0.014691652
7,13.49,45,11.154640650000001,113664,1524,0.89,0.7437082529067993,0.096484375,4430,0.0003,2.2313945293426514,7.85274493098259,-1.073993481695652,0.2,-0.022470831801183522,0.016904235
7,13.98,46,10.675073120000002,113920,1524,0.86,0.654721736907959,0.129296875,4440,0.0003,1.062411904335022,5.995698273181915,-0.9998154416680336,0.2,-0.032335821026936176,0.020341005
7,14.17,47,10.870283769999999,114176,1524,0.87,0.6222729682922363,0.08359375,4450,0.0003,2.7726480960845947,10.871283733844757,-0.9097953125834465,0.2,-0.018057738547213376,0.012500105
8,14.46,48,10.833826419999998,114432,1524,0.87,0.5970252752304077,0.1359375,4460,0.0003,2.0886549949645996,5.8842314839363095,-0.8987338170409203,0.2,-0.034056364552816375,0.032658756
8,14.84,49,10.712486799999997,114688,1523,0.86,0.42470622062683105,0.1234375,4470,0.0003,3.2276651859283447,11.13988345861435,-1.1189130038022994,0.2,-0.02901500028092414,0.013725052
8,15.38,50,10.775290229999998,114944,1524,0.87,0.8112106323242188,0.11328125,4480,0.0003,2.151895523071289,8.377255153656005,-1.0720019951462745,0.2,-0.031088876281864943,0.015259806
8,16.29,51,10.49911748,115200,1525,0.85,0.6308077573776245,0.113671875,4490,0.0003,4.839288234710693,12.960085356235505,-1.117298072576523,0.2,-0.035847912880126384,0.012441804
8,15.62,52,10.902768099999998,115456,1525,0.87,0.6938701868057251,0.130078125,4500,0.0003,4.181479454040527,11.487901854515076,-1.0679713487625122,0.2,-0.034293641056865456,0.016156586
8,16.79,53,10.928316339999997,115712,1526,0.87,0.672878623008728,0.081640625,4510,0.0003,2.385235071182251,8.30907063484192,-0.9337733119726181,0.2,-0.019729512603953482,0.011244057
9,16.73,54,10.87536167,115968,1526,0.86,-0.00011551380157470703,0.141015625,4520,0.0003,3.9621362686157227,11.448708486557006,-1.0006705224514008,0.2,-0.03060954415705055,0.022720803
9,16.62,55,11.038729539999999,116224,1527,0.87,0.7541480660438538,0.127734375,4530,0.0003,2.6248505115509033,9.548663759231568,-1.0576296299695969,0.2,-0.032380817143712194,0.019639703
9,15.97,56,11.18935001,116480,1526,0.88,0.7596389055252075,0.130859375,4540,0.0003,1.7057876586914062,7.969570052623749,-1.0790389686822892,0.2,-0.027438332396559417,0.024690788
9,16.23,57,11.296120569999998,116736,1527,0.89,0.6985994577407837,0.17109375,4550,0.0003,1.769349455833435,6.58858689069748,-0.9878211513161659,0.2,-0.03113473393023014,0.02048621
9,16.26,58,11.27162381,116992,1526,0.89,0.6287901401519775,0.121484375,4560,0.0003,4.461097240447998,11.10756973028183,-1.088412606716156,0.2,-0.02367006033891812,0.01787696
9,16.67,59,10.952018850000002,117248,1527,0.87,0.6567829847335815,0.1203125,4570,0.0003,4.457345008850098,11.795991945266724,-1.0049884378910066,0.2,-0.032161975069902836,0.01679331
10,15.69,60,11.35412731,117504,1527,0.9,0.29627352952957153,0.184765625,4580,0.0003,3.7822577953338623,12.62063148021698,-1.108212846517563,0.2,-0.03415918415412307,0.023628136
10,15.92,61,11.344500600000002,117760,1528,0.9,0.6756477355957031,0.157421875,4590,0.0003,1.4099714756011963,4.765165460109711,-0.981867077946663,0.2,-0.04022192673292011,0.022324676
10,16.4,62,10.992964950000001,118016,1527,0.88,0.5134118795394897,0.151953125,4600,0.0003,4.112451553344727,11.84971981048584,-1.0800470098853112,0.2,-0.0358771221479401,0.019461397
10,14.96,63,11.322949549999999,118272,1527,0.9,0.6386923789978027,0.175,4610,0.0003,1.0862197875976562,5.356918847560882,-1.0914726808667183,0.2,-0.03481772569939494,0.020476513
10,15.61,64,11.30786338,118528,1527,0.9,0.4079277515411377,0.170703125,4620,0.0003,0.815995991230011,4.77937815785408,-0.9850316971540451,0.2,-0.04201392964459956,0.036324795
10,14.76,65,11.410001709999996,118784,1527,0.91,0.554081916809082,0.140234375,4630,0.0003,2.513420820236206,8.538112294673919,-0.9755075588822365,0.2,-0.03180526476353407,0.016976409
11,13.71,66,11.49935029,119040,1526,0.92,0.490752637386322,0.15234375,4640,0.0003,2.2640936374664307,9.40434005856514,-0.953411628305912,0.2,-0.03238789720926434,0.02918769
11,13.67,67,11.73960818,119296,1527,0.93,-1.4020144939422607,0.21640625,4650,0.0003,0.22852155566215515,1.5295620366930962,-0.9304413467645645,0.2,-0.04910142058506608,0.041531663
11,14.93,68,11.438066249999999,119552,1527,0.91,0.6312556266784668,0.271875,4660,0.0003,1.5859051942825317,5.320803385972977,-1.107083684206009,0.2,-0.037669534841552374,0.019427702
11,15.88,69,11.096676810000002,119808,1527,0.89,0.722806453704834,0.178125,4670,0.0003,1.648424506187439,5.851592195034027,-1.0540493816137313,0.2,-0.03578856065869331,0.024334297
11,16.14,70,11.01618439,120064,1528,0.88,0.6166725158691406,0.128515625,4680,0.0003,1.8219789266586304,9.727252095937729,-1.1046231180429458,0.2,-0.023987443197984248,0.025769264
11,15.6,71,11.431308749999998,120320,1526,0.9,0.44236481189727783,0.125,4690,0.0003,3.578707456588745,12.677650880813598,-1.0324560657143593,0.2,-0.03189101817552,0.016916689
12,16.69,72,10.864812460000001,120576,1520,0.86,0.6535240411758423,0.16640625,4700,0.0003,0.7203617691993713,4.8517194360494615,-0.992805577814579,0.2,-0.04139757661614567,0.040417783
12,16.32,73,10.883624040000003,120832,1512,0.86,0.6216235160827637,0.127734375,4710,0.0003,3.1453609466552734,13.034078991413116,-1.025036410987377,0.2,-0.02124293672386557,0.016734146
12,15.31,74,11.12373885,121088,1511,0.88,0.5463436841964722,0.126953125,4720,0.0003,0.884003221988678,5.9639477103948595,-0.9017955273389816,0.2,-0.03335782329086214,0.026579373
12,15.59,75,11.42991267,121344,1511,0.9,0.630622386932373,0.173828125,4730,0.0003,1.9828405380249023,5.9021403908729555,-0.9735225960612297,0.2,-0.04274911074899137,0.030584775
12,16.14,76,11.248190959999997,121600,1511,0.89,0.4311423897743225,0.130078125,4740,0.0003,3.0064632892608643,10.511494386196137,-0.9966243132948875,0.2,-0.03260818209964782,0.019878527
13,16.27,77,11.197612139999999,121856,1511,0.89,0.5058529376983643,0.12734375,4750,0.0003,2.1546268463134766,8.900539565086365,-0.9135596737265587,0.2,-0.029809860442765058,0.02425364
13,14.82,78,11.752458519999998,122112,1511,0.93,0.6979711055755615,0.204296875,4760,0.0003,1.0733118057250977,5.321402883529663,-0.936795262992382,0.2,-0.04489053946454078,0.02998779
13,14.86,79,11.81891934,122368,1510,0.93,0.4071202278137207,0.20078125,4770,0.0003,0.7936189770698547,3.427784192562103,-0.9640955552458763,0.2,-0.030004547047428786,0.029064313
0,15.6,1,11.476110939999998,122624,2320,0.91,0.6946054697036743,0.130859375,4780,0.0003,2.455958843231201,6.607335758209229,-0.9149814888834953,0.2,-0.029833948332816364,0.018408123
0,14.09,2,11.666009960000002,122880,1769,0.92,0.6085222363471985,0.211328125,4790,0.0003,2.173172950744629,6.915134626626968,-1.0307095527648926,0.2,-0.03750754822976887,0.024534132
0,14.24,3,11.317573180000002,123136,1678,0.9,0.5808889269828796,0.2,4800,0.0003,1.03255295753479,5.251410394906998,-0.8969276443123817,0.2,-0.03199426552746445,0.049305238
0,13.94,4,11.452671910000001,123392,1622,0.91,0.7810620069503784,0.171875,4810,0.0003,1.8058379888534546,6.8027227342128755,-0.9821132481098175,0.2,-0.03312683824915439,0.020918138
0,13.57,5,11.606788870000003,123648,1583,0.92,0.6949087381362915,0.11796875,4820,0.0003,1.232155203819275,6.735899829864502,-0.9193812668323517,0.2,-0.026043062540702523,0.015491616
0,15.1,6,11.28278416,123904,1569,0.9,0.15961921215057373,0.132421875,4830,0.0003,2.4980931282043457,9.216971415281296,-0.9627240389585495,0.2,-0.02467248016037047,0.012831854
1,14.63,7,11.462349559999998,124160,1552,0.91,0.7141444683074951,0.13828125,4840,0.0003,1.3174045085906982,7.015549677610397,-1.005295144021511,0.2,-0.03367149240802973,0.022709042
1,15.97,8,11.450360049999999,124416,1538,0.91,0.6267099380493164,0.189453125,4850,0.0003,1.758457899093628,6.365783596038819,-0.9251233294606209,0.2,-0.03699021609500051,0.026169177
1,15.67,9,11.758314519999999,124672,1526,0.93,0.2666286826133728,0.1453125,4860,0.0003,1.983809471130371,6.2807680547237394,-0.927210095524788,0.2,-0.025798747269436716,0.018300388
1,16.54,10,11.64922863,124928,1520,0.92,0.47431206703186035,0.22265625,4870,0.0003,1.548349142074585,5.359418332576752,-0.9627841532230377,0.2,-0.04511334227863699,0.058923557
1,17.05,11,11.550795069999998,125184,1511,0.91,0.20340454578399658,0.24296875,4880,0.0003,1.2449843883514404,3.858999526500702,-1.0995704531669617,0.2,-0.03787516122683883,0.03822846
2,16.76,12,11.183583899999999,125440,1504,0.89,0.7576005458831787,0.19375,4890,0.0003,1.0130841732025146,4.537894040346146,-1.0333368852734566,0.2,-0.028917677514255048,0.02125809
2,16.7,13,11.150576420000002,125696,1501,0.89,0.6374473571777344,0.148046875,4900,0.0003,2.120620012283325,7.501434487104416,-0.9923240870237351,0.2,-0.03515087431296706,0.021577202
2,17.94,14,10.73859237,125952,1502,0.86,0.3039146661758423,0.175,4910,0.0003,2.2408368587493896,13.16471037864685,-1.061410990357399,0.2,-0.03682410933542997,0.028182384
2,15.86,15,10.93481777,126208,1499,0.87,0.46509045362472534,0.182421875,4920,0.0003,3.4839746952056885,9.916467118263245,-0.9737517088651657,0.2,-0.0403125325916335,0.05207952
2,15.28,16,10.75273213,126464,1494,0.86,0.6791181564331055,0.1515625,4930,0.0003,0.5615838766098022,3.8674669563770294,-0.8871166959404946,0.2,-0.028949489281512798,0.024007346
2,14.24,17,11.234024799999997,126720,1489,0.89,0.5014199018478394,0.171875,4940,0.0003,1.0627790689468384,6.317141395807266,-0.9484439849853515,0.2,-0.03171228263527155,0.018566802
3,13.96,18,11.189969089999998,126976,1489,0.89,0.562432587146759,0.188671875,4950,0.0003,1.7271021604537964,7.032643461227417,-0.8665162101387978,0.2,-0.04617284864652902,0.035492964
3,12.63,19,11.747934840000003,127232,1487,0.92,0.8110970258712769,0.11484375,4960,0.0003,1.3897581100463867,5.249524250626564,-1.0150976732373238,0.2,-0.026846409193240106,0.013476751
3,13.06,20,11.415242179999998,127488,1483,0.9,0.739708423614502,0.100390625,4970,0.0003,1.4398635625839233,5.874763131141663,-0.8541099250316619,0.2,-0.01787143398541957,0.015577798
3,13.6,21,11.21831253,127744,1485,0.89,0.8282360434532166,0.19140625,4980,0.0003,1.0903574228286743,6.5871464848518375,-1.0178051993250847,0.2,-0.03933336460031569,0.021215636
3,13.69,22,11.068303479999999,128000,1485,0.88,0.8538241982460022,0.118359375,4990,0.0003,1.3650075197219849,7.564718765020371,-1.042520523071289,0.2,-0.019602296222001315,0.013829311
3,13.1,23,11.36769908,128256,1484,0.9,0.6808861494064331,0.11171875,5000,0.0003,2.544968843460083,10.520814001560211,-0.9390285342931748,0.2,-0.02672603374812752,0.015729714
4,13.66,24,11.117556070000001,128512,1475,0.88,0.7642877697944641,0.0984375,5010,0.0003,1.9758117198944092,9.52460057735443,-0.8774767965078354,0.2,-0.023950903536751868,0.013810618
4,13.59,25,11.404718229999997,128768,1470,0.9,0.7694549560546875,0.144921875,5020,0.0003,3.7050986289978027,13.362029671669006,-1.058405987918377,0.2,-0.0327259864192456,0.021433413
4,14.05,26,11.351940910000001,129024,1470,0.9,0.11136150360107422,0.115234375,5030,0.0003,1.2266514301300049,5.779520446062088,-0.9195954546332359,0.2,-0.032867745985276996,0.024981065
4,14.34,27,11.699119339999998,129280,1469,0.92,0.34875649213790894,0.130078125,5040,0.0003,3.7174506187438965,10.422126853466034,-1.0322168201208115,0.2,-0.02690974036231637,0.016200822
4,15.0,28,11.682760149999996,129536,1470,0.92,0.28368079662323,0.1296875,5050,0.0003,5.968813896179199,16.84846305847168,-0.9010681852698326,0.2,-0.0357394537422806,0.0195288
5,15.59,29,11.730681400000003,129792,1472,0.92,0.4304508566856384,0.160546875,5060,0.0003,3.192681312561035,8.743812334537505,-0.9501810356974602,0.2,-0.027631091559305786,0.015806464
5,15.92,30,11.945161710000002,130048,1474,0.94,0.3991084098815918,0.0921875,5070,0.0003,5.839060306549072,16.143392181396486,-0.9853675171732903,0.2,-0.02172782369889319,0.0097110765
5,15.27,31,12.04220413,130304,1473,0.95,0.6238049268722534,0.116796875,5080,0.0003,2.481631278991699,7.8165870904922485,-0.8774167865514755,0.2,-0.026788117852993308,0.017641712
5,15.71,32,11.89453162,130560,1474,0.94,-0.4983006715774536,0.2921875,5090,0.0003,0.2420119345188141,0.9673278063535691,-0.8229658842086792,0.2,-0.059151337714865804,0.073443376
5,15.51,33,11.70907419,130816,1475,0.93,0.2344520092010498,0.193359375,5100,0.0003,2.50283145904541,10.353900039196015,-0.917975515127182,0.2,-0.007539256080053747,0.017333705
5,15.86,34,11.805562199999997,131072,1476,0.93,0.6921653747558594,0.123828125,5110,0.0003,2.4893300533294678,7.113649094104767,-0.9788165926933289,0.2,-0.02462631296366453,0.0119760325
6,15.26,35,11.79786889,131328,1477,0.93,0.625627875328064,0.109375,5120,0.0003,1.6820111274719238,6.419014805555344,-0.9273805752396583,0.2,-0.020612646266818045,0.011443621
6,14.63,36,11.846769819999999,131584,1477,0.93,0.6623923778533936,0.16171875,5130,0.0003,1.1378264427185059,5.151288419961929,-0.8985461726784706,0.2,-0.03125116033479571,0.02357525
6,14.96,37,11.737842320000002,131840,1476,0.92,0.5856615304946899,0.13125,5140,0.0003,0.9203572869300842,4.9776301890611645,-0.8518948093056679,0.2,-0.024017903790809213,0.022803314
6,13.64,38,11.972901309999997,132096,1474,0.94,0.6131974458694458,0.1078125,5150,0.0003,2.4961154460906982,6.049021971225739,-0.8725608050823211,0.2,-0.02857902185060084,0.022790032
6,13.24,39,11.76926414,132352,1474,0.93,0.369701623916626,0.15390625,5160,0.0003,0.9036892056465149,9.188073271512986,-0.9620787829160691,0.2,-0.03014599238522351,0.016180636
6,14.44,40,11.501206489999994,132608,1473,0.91,0.7780687212944031,0.13359375,5170,0.0003,1.7218164205551147,7.371014785766602,-0.9900972485542298,0.2,-0.036595123913139106,0.02050124
7,14.12,41,11.320693279999999,132864,1473,0.9,0.5078378319740295,0.094921875,5180,0.0003,8.1494722366333,17.51778938770294,-0.9835558384656906,0.2,-0.020029544830322266,0.011980071
7,13.93,42,11.323394869999998,133120,1471,0.9,0.7437315583229065,0.206640625,5190,0.0003,3.993894577026367,11.757328522205352,-1.0764537692070006,0.2,-0.03858609723392874,0.032350183
7,14.52,43,11.054273969999997,133376,1471,0.88,0.5316586494445801,0.095703125,5200,0.0003,3.2674663066864014,10.079341650009155,-0.8349911525845528,0.2,-0.028699985379353164,0.017186863
7,14.66,44,11.387603870000003,133632,1472,0.9,0.6568082571029663,0.1265625,5210,0.0003,4.383713722229004,10.638906300067902,-0.9095158606767655,0.2,-0.03568667594809085,0.016923197
7,15.38,45,11.045254680000003,133888,1473,0.88,0.28881680965423584,0.17578125,5220,0.0003,7.2067389488220215,23.543767237663268,-0.941053855419159,0.2,-0.039022078085690734,0.022466287
7,13.76,46,11.55310162,134144,1473,0.91,0.6804828643798828,0.17265625,5230,0.0003,6.779376029968262,16.581688010692595,-1.0129281371831893,0.2,-0.03832399449311197,0.026220366
8,13.72,47,11.502362050000002,134400,1473,0.91,0.4086412787437439,0.114453125,5240,0.0003,3.394407272338867,15.547886288166046,-0.9543570294976235,0.2,-0.03245243809651584,0.015168434
8,14.12,48,11.549182009999999,134656,1473,0.91,0.7526078224182129,0.140234375,5250,0.0003,2.8499412536621094,9.193123561143874,-0.9386503994464874,0.2,-0.032507382554467765,0.020753983
8,14.58,49,11.606608219999996,134912,1473,0.91,0.6491600275039673,0.109765625,5260,0.0003,3.0157485008239746,11.358767992258072,-0.9499236732721329,0.2,-0.02435540973674506,0.010096693
8,14.41,50,11.79653131,135168,1473,0.92,0.7260028123855591,0.13828125,5270,0.0003,3.262364149093628,9.35937791466713,-0.9557596698403359,0.2,-0.022738359682261945,0.01493539
8,15.27,51,11.471084150000001,135424,1475,0.9,0.672203779220581,0.09375,5280,0.0003,2.8394179344177246,11.645350253582,-0.9653071239590645,0.2,-0.0311576041392982,0.015544974
9,15.99,52,11.260782469999999,135680,1475,0.89,0.8349364995956421,0.110546875,5290,0.0003,3.9835360050201416,12.023388433456422,-1.1719235062599183,0.2,-0.030351889226585625,0.019700577
9,16.75,53,11.264694849999998,135936,1476,0.89,0.2899634838104248,0.111328125,5300,0.0003,4.3297810554504395,23.376133704185484,-0.9305200457572937,0.2,-0.028178622422274202,0.012783697
9,16.86,54,11.249857400000002,136192,1476,0.89,0.616024911403656,0.098046875,5310,0.0003,3.692394971847534,18.142079401016236,-1.105814591050148,0.2,-0.02572703656041995,0.012414255
9,17.39,55,11.102557610000002,136448,1476,0.88,0.4980437755584717,0.1140625,5320,0.0003,4.55582332611084,15.72339141368866,-0.8346702605485916,0.2,-0.02432325080735609,0.018156921
9,16.49,56,11.067205659999997,136704,1476,0.88,0.6976752281188965,0.187890625,5330,0.0003,1.6054530143737793,7.043158411979675,-0.9745240077376366,0.2,-0.044404108356684444,0.02380848
9,16.46,57,11.359735609999998,136960,1478,0.9,0.7700716853141785,0.17421875,5340,0.0003,1.3553954362869263,5.1579734742641445,-0.9445867612957954,0.2,-0.030399782373569904,0.023929508
10,15.96,58,11.313177829999999,137216,1478,0.9,0.5605055093765259,0.196484375,5350,0.0003,2.2994534969329834,7.731914865970611,-1.0006257176399231,0.2,-0.03985259796027094,0.02580272
10,14.31,59,11.616671020000002,137472,1476,0.92,0.7078866958618164,0.140625,5360,0.0003,2.085749387741089,8.376023298501968,-1.0691608235239982,0.2,-0.027623414155095817,0.015851729
10,13.72,60,11.72385029,137728,1476,0.93,-0.6473803520202637,0.213671875,5370,0.0003,0.5647291541099548,1.657797409594059,-0.8529640153050423,0.2,-0.0384437880362384,0.049723893
10,12.69,61,11.97154252,137984,1475,0.95,0.5504426956176758,0.1484375,5380,0.0003,2.1929802894592285,9.489555484056472,-0.8628362730145455,0.2,-0.029161201464012264,0.024620391
10,11.98,62,11.967997979999998,138240,1476,0.95,0.883362889289856,0.1984375,5390,0.0003,0.6643657684326172,2.206337797641754,-0.9316071212291718,0.2,-0.03203143782448024,0.036089562
10,12.58,63,12.03545266,138496,1476,0.95,0.9017741084098816,0.162109375,5400,0.0003,1.257205843925476,4.406308531761169,-0.9824465334415435,0.2,-0.021314140525646508,0.025875175
11,13.61,64,11.7278317,138752,1477,0.93,0.7102859616279602,0.165234375,5410,0.0003,1.9352964162826538,7.010800522565842,-0.9026054561138153,0.2,-0.028141102660447358,0.02354089
11,14.77,65,11.489501129999999,139008,1478,0.91,0.7484821081161499,0.1390625,5420,0.0003,1.250983715057373,8.67806335091591,-1.008864913880825,0.2,-0.030364054464735092,0.015802529
11,15.33,66,11.687948619999997,139264,1479,0.92,0.42969316244125366,0.155078125,5430,0.0003,9.320172309875488,18.366734528541564,-0.9436094984412193,0.2,-0.030807984271086754,0.015389467
11,15.71,67,11.775956899999999,139520,1478,0.92,-1.208604335784912,0.144140625,5440,0.0003,2.5815529823303223,8.549514961242675,-0.94462770819664,0.2,-0.034492603549733755,0.020737965
11,16.38,68,11.662375319999999,139776,1479,0.91,0.5604861974716187,0.166015625,5450,0.0003,1.3946832418441772,5.272196891903877,-0.8648162245750427,0.2,-0.027936780964955686,0.025670903
11,15.38,69,11.76335993,140032,1475,0.92,0.6864079236984253,0.198046875,5460,0.0003,3.8500382900238037,10.520428407192231,-1.0192698240280151,0.2,-0.03769761878065765,0.040830538
12,15.11,70,11.741326230000004,140288,1472,0.92,-0.15514373779296875,0.11484375,5470,0.0003,4.465373516082764,11.682404434680938,-0.9432518765330314,0.2,-0.028674481564667075,0.019594861
12,13.95,71,12.072319820000002,140544,1468,0.94,0.6295004487037659,0.156640625,5480,0.0003,2.4486944675445557,6.584294253587723,-1.0403213962912559,0.2,-0.03187804978806526,0.020704713
12,14.04,72,11.651622009999999,140800,1466,0.92,-0.9652278423309326,0.1953125,5490,0.0003,0.7166079878807068,3.3535089761018755,-0.8615666821599006,0.2,-0.04049639832228422,0.048562035
12,13.69,73,11.6741255,141056,1467,0.92,0.6869333386421204,0.138671875,5500,0.0003,1.8707478046417236,7.319306099414826,-0.9689515009522438,0.2,-0.018878271523863076,0.022342551
12,13.62,74,11.753214950000002,141312,1467,0.92,0.6372097730636597,0.15703125,5510,0.0003,1.06851065158844,5.476161617040634,-1.0239651963114738,0.2,-0.033545858087018134,0.019168422
13,12.68,75,12.02714134,141568,1468,0.94,0.6694132685661316,0.1421875,5520,0.0003,1.2027287483215332,3.81728735268116,-0.8241155564785003,0.2,-0.03538320120424032,0.03680199
13,13.02,76,11.517642290000001,141824,1468,0.91,0.6514722108840942,0.228515625,5530,0.0003,0.44364243745803833,3.063070258498192,-0.9300396859645843,0.2,-0.05065346802584827,0.032097995
13,14.24,77,11.105381739999999,142080,1470,0.88,0.7143324613571167,0.176171875,5540,0.0003,3.549666404724121,11.112056529521942,-0.9920665264129639,0.2,-0.034104484983254225,0.020676555
13,14.17,78,11.19582527,142336,1470,0.89,0.6090804934501648,0.096875,5550,0.0003,3.369886875152588,15.773408770561218,-1.0440328314900398,0.2,-0.02476129864808172,0.014689521
13,14.69,79,11.18248431,142592,1471,0.89,0.6994838714599609,0.144140625,5560,0.0003,1.257829189300537,8.112716227769852,-0.9855380043387413,0.2,-0.03573615902569145,0.026916003
0,15.04,1,11.093645700000003,142848,2200,0.89,0.7716337442398071,0.09375,5570,0.0003,1.6382617950439453,8.97679831981659,-1.0784488931298255,0.2,-0.017566861165687443,0.014130395
0,14.28,2,11.236545419999997,143104,1756,0.9,-1.5685250759124756,0.108203125,5580,0.0003,1.7993628978729248,8.04335173368454,-0.8913750678300858,0.2,-0.025698394025675954,0.017442673
0,12.48,3,11.98057385,143360,1658,0.95,0.6511133909225464,0.12421875,5590,0.0003,1.1126810312271118,5.5477903008461,-0.8819469526410103,0.2,-0.023593117855489253,0.018465567
0,13.2,4,11.845011179999998,143616,1638,0.94,0.48657774925231934,0.20625,5600,0.0003,0.34503012895584106,2.3388523563742636,-0.8673747837543487,0.2,-0.041302115004509685,0.028247885
0,12.7,5,12.066558240000004,143872,1606,0.95,0.39730024337768555,0.1734375,5610,0.0003,2.614781141281128,9.93562067747116,-1.0617454573512077,0.2,-0.029438270861282943,0.022803357
0,13.1,6,11.841388310000003,144128,1589,0.93,0.6285727024078369,0.165625,5620,0.0003,0.9736266732215881,5.59214888215065,-0.9175564885139466,0.2,-0.04523930046707392,0.027706161
1,13.77,7,11.80692678,144384,1583,0.93,0.6828497052192688,0.143359375,5630,0.0003,1.9002400636672974,8.588055980205535,-0.8854080334305763,0.2,-0.03312080589821562,0.027666457
1,14.74,8,11.52667853,144640,1569,0.91,0.6115538477897644,0.168359375,5640,0.0003,2.969923973083496,11.414756906032562,-1.0047625795006752,0.2,-0.03964149369858205,0.035644937
1,15.66,9,11.334935530000005,144896,1570,0.9,0.6820403337478638,0.08515625,5650,0.0003,3.1788341999053955,12.649667358398437,-1.0109429150819778,0.2,-0.020018399879336356,0.011138277
1,14.93,10,11.390385470000002,145152,1561,0.9,0.6734404563903809,0.178125,5660,0.0003,4.038661479949951,16.03167623281479,-1.1092974156141282,0.2,-0.03871068912558258,0.023775999
1,15.41,11,11.50476182,145408,1558,0.91,0.796132504940033,0.129296875,5670,0.0003,3.57102370262146,9.401368117332458,-0.9153414577245712,0.2,-0.026059916778467595,0.018013028
1,15.5,12,11.471071439999998,145664,1559,0.91,-1.2250926494598389,0.129296875,5680,0.0003,2.649601697921753,6.059345799684524,-0.9013072267174721,0.2,-0.02357998590450734,0.026090413
2,16.27,13,11.014368399999999,145920,1561,0.88,0.7381128072738647,0.17578125,5690,0.0003,1.700756549835205,8.856129628419875,-1.0627445474267005,0.2,-0.025974772032350303,0.027973998
2,15.73,14,11.316374170000001,146176,1558,0.9,0.750568151473999,0.165625,5700,0.0003,2.461479663848877,10.338450264930724,-1.0368978515267373,0.2,-0.02883740293327719,0.02250547
2,14.74,15,11.664147839999998,146432,1559,0.92,0.6433361768722534,0.111328125,5710,0.0003,3.0258891582489014,11.452623009681702,-0.9981220960617065,0.2,-0.02479991540312767,0.012612917
2,14.65,16,11.545301709999999,146688,1549,0.91,0.5752576589584351,0.129296875,5720,0.0003,1.3470261096954346,5.8084462761878966,-0.9225615546107292,0.2,-0.029241759260185064,0.018546421
2,13.48,17,11.67248292,146944,1542,0.92,0.6189189553260803,0.15390625,5730,0.0003,3.2607624530792236,12.962641346454621,-0.8930172964930534,0.2,-0.025550776766613124,0.019371659
2,13.34,18,12.042566499999998,147200,1537,0.94,0.8756069540977478,0.184765625,5740,0.0003,0.8001101016998291,3.0769514083862304,-0.9228160709142685,0.2,-0.034771801368333397,0.025795335
3,12.7,19,11.847198650000001,147456,1533,0.93,0.3114047646522522,0.203125,5750,0.0003,0.9927181601524353,5.272989052534103,-0.8478581309318542,0.2,-0.025924027967266738,0.062634304
3,14.3,20,11.350499809999999,147712,1534,0.9,0.8500635027885437,0.263671875,5760,0.0003,2.054034948348999,8.140249300003052,-0.9543742418289185,0.2,-0.021550693619064986,0.037436895
3,13.76,21,11.47066083,147968,1525,0.91,0.7404888868331909,0.044921875,5770,0.0003,4.848822593688965,17.32998784780502,-0.8822477906942368,0.2,-0.012270374316722154,0.010184554
3,13.79,22,11.67232494,148224,1521,0.92,0.29191362857818604,0.192578125,5780,0.0003,1.7563468217849731,8.091590148210525,-0.8316629007458687,0.2,-0.03582379508297891,0.03305113
3,14.65,23,11.38669676,148480,1520,0.9,0.7552106976509094,0.147265625,5790,0.0003,3.3466010093688965,8.981702244281768,-0.8455696180462837,0.2,-0.025021923845633863,0.018263891
4,15.53,24,11.159158470000001,148736,1518,0.89,0.8205257654190063,0.165625,5800,0.0003,5.195302486419678,13.72536792755127,-1.0069002956151962,0.2,-0.02731148204766214,0.0216584
4,15.26,25,11.35204626,148992,1514,0.9,0.31734776496887207,0.1578125,5810,0.0003,3.1780245304107666,11.597082960605622,-0.9381108656525612,0.2,-0.035518498660530896,0.028562576
4,14.66,26,11.72848337,149248,1512,0.92,0.5263562202453613,0.1265625,5820,0.0003,1.7485783100128174,8.551781392097473,-0.9236484169960022,0.2,-0.0312146904412657,0.021201473
4,15.22,27,11.552557569999998,149504,1509,0.91,0.5746469497680664,0.11171875,5830,0.0003,3.3103463649749756,11.65962349176407,-0.8643233790993691,0.2,-0.030600925302132966,0.016387628
4,15.03,28,11.595212620000002,149760,1508,0.91,0.5316939353942871,0.094921875,5840,0.0003,3.6884098052978516,14.718311369419098,-0.9370460510253906,0.2,-0.0261929833330214,0.012239082
4,14.58,29,11.837940109999998,150016,1490,0.93,0.7541569471359253,0.16953125,5850,0.0003,2.6313116550445557,7.521212965250015,-0.8911259680986404,0.2,-0.03501829721499235,0.026896255
5,14.95,30,11.512755240000004,150272,1484,0.91,0.5639990568161011,0.168359375,5860,0.0003,2.171595573425293,9.846584212779998,-1.0451258569955826,0.2,-0.030593451438471676,0.024139974
5,15.41,31,11.172362799999997,150528,1483,0.89,0.5457327365875244,0.153125,5870,0.0003,4.850836753845215,15.836222529411316,-1.0012567728757857,0.2,-0.039501656359061596,0.028294832
5,15.24,32,11.274225299999996,150784,1481,0.9,0.7121330499649048,0.094921875,5880,0.0003,4.285926818847656,16.482765185832978,-1.0358703896403312,0.2,-0.024588348553515972,0.015618088
5,15.8,33,11.201272999999999,151040,1481,0.89,0.5941272974014282,0.1390625,5890,0.0003,3.137514352798462,10.879316127300262,-1.0893922090530395,0.2,-0.027425063494592904,0.019025428
5,15.76,34,11.13945673,151296,1481,0.89,0.8798415660858154,0.166796875,5900,0.0003,2.338884115219116,5.187187886238098,-1.0145009592175485,0.2,-0.030155706265941263,0.022036571
6,15.41,35,11.33128344,151552,1480,0.9,0.6498255133628845,0.141796875,5910,0.0003,4.194138050079346,14.421735167503357,-0.9903351172804833,0.2,-0.029409974766895174,0.028632503
6,15.15,36,11.547434799999998,151808,1480,0.91,-0.9474756717681885,0.1875,5920,0.0003,0.9184836149215698,3.265318062901497,-0.8504032909870147,0.2,-0.03302450651535764,0.033060692
6,14.5,37,11.944367320000001,152064,1479,0.94,0.4395480155944824,0.2875,5930,0.0003,1.850867509841919,5.4146180093288425,-0.9598184511065483,0.2,-0.053176234802231194,0.06709682
6,14.08,38,11.964371630000002,152320,1481,0.94,-0.16011285781860352,0.306640625,5940,0.0003,1.417510986328125,3.8598767787218096,-1.0098236411809922,0.2,-0.05279758321121335,0.041792057
6,15.34,39,11.619725600000002,152576,1481,0.92,0.5735480785369873,0.194140625,5950,0.0003,0.726385772228241,6.348314827680587,-1.0133936390280724,0.2,-0.028318538190796973,0.021954168
6,15.45,40,11.460929040000002,152832,1480,0.91,0.5623049736022949,0.1640625,5960,0.0003,2.2973501682281494,8.473936784267426,-0.9878973588347435,0.2,-0.029051638511009514,0.024127722
7,15.56,41,11.32165002,153088,1479,0.9,0.7138893604278564,0.15625,5970,0.0003,1.922238826751709,7.501039028167725,-0.9058897629380226,0.2,-0.03447822243906558,0.022459265
7,15.19,42,11.38990707,153344,1476,0.91,0.3872706890106201,0.16640625,5980,0.0003,1.2468329668045044,7.496902912855148,-0.9024726763367653,0.2,-0.03726339357672259,0.01989759
7,15.29,43,11.46114687,153600,1475,0.91,0.3490833640098572,0.1671875,5990,0.0003,0.9523746371269226,5.122397994995117,-0.9411100998520852,0.2,-0.030045252479612827,0.030408386
7,14.71,44,11.574992550000001,153856,1476,0.92,-0.744950532913208,0.214453125,6000,0.0003,1.0655474662780762,2.881944012641907,-0.9184426307678223,0.2,-0.03577513881027698,0.04324865
7,14.19,45,12.085137610000002,154112,1473,0.95,0.6466258764266968,0.150390625,6010,0.0003,1.6066635847091675,5.251213276386261,-0.9714002788066864,0.2,-0.0180139924865216,0.01827981
8,14.63,46,11.633470390000003,154368,1471,0.92,0.45202142000198364,0.296484375,6020,0.0003,0.6994625329971313,2.9828823029994966,-0.9872547596693039,0.2,-0.04790143554564565,0.05453093
8,15.03,47,11.65884543,154624,1471,0.92,0.59061598777771,0.221484375,6030,0.0003,2.014132499694824,6.932519340515137,-0.9529122650623322,0.2,-0.026017739484086633,0.032033224
8,14.96,48,11.695434010000001,154880,1470,0.92,0.33434683084487915,0.206640625,6040,0.0003,2.2776670455932617,6.383519995212555,-0.918312032520771,0.2,-0.029789944901131092,0.032652337
8,16.1,49,11.445518219999999,155136,1466,0.9,0.7236682772636414,0.1609375,6050,0.0003,1.208678960800171,3.950257587432861,-0.8410735979676247,0.2,-0.029105986328795554,0.023985863
8,16.35,50,11.456381879999997,155392,1463,0.9,0.4497182369232178,0.194140625,6060,0.0003,3.0276055335998535,8.122696769237518,-0.9411381602287292,0.2,-0.04213989384006709,0.022501031
8,14.84,51,11.55163588,155648,1463,0.91,0.7434971928596497,0.16328125,6070,0.0003,1.1706825494766235,5.659278160333633,-0.9819980576634407,0.2,-0.03903752916958183,0.017029874
9,14.63,52,11.716260140000001,155904,1463,0.92,0.6591448783874512,0.1234375,6080,0.0003,1.6770209074020386,4.980033802986145,-0.9528413563966751,0.2,-0.027156719309277832,0.022390384
9,14.64,53,11.6833896,156160,1464,0.92,0.6646431684494019,0.10859375,6090,0.0003,2.693803310394287,10.24123194217682,-1.0032184913754463,0.2,-0.023383440310135485,0.0137880165
9,15.27,54,11.83067691,156416,1466,0.93,0.5949938297271729,0.0984375,6100,0.0003,4.004591464996338,12.779042720794678,-0.9691527590155602,0.2,-0.025010814913548528,0.00911674
9,15.89,55,11.61474774,156672,1466,0.92,-0.09998476505279541,0.140234375,6110,0.0003,1.4868381023406982,7.116488337516785,-1.0280515253543854,0.2,-0.03269993704743683,0.023603631
9,15.89,56,11.42722079,156928,1466,0.91,0.7845704555511475,0.183203125,6120,0.0003,2.5548417568206787,7.944917792081833,-1.0191180184483528,0.2,-0.0386564027518034,0.022725
9,15.99,57,11.269744459999997,157184,1466,0.9,0.697554349899292,0.14921875,6130,0.0003,1.111185908317566,7.355531632900238,-1.04534609913826,0.2,-0.034003751422278586,0.025292978
10,16.17,58,11.29061396,157440,1467,0.9,0.3167533278465271,0.11484375,6140,0.0003,7.054631233215332,16.905979108810424,-1.0504406258463859,0.2,-0.01756865973584354,0.010793116
10,15.98,59,11.38820125,157696,1467,0.91,0.7513359785079956,0.177734375,6150,0.0003,1.157405138015747,4.791923230886459,-0.9317462041974067,0.2,-0.038371590117458255,0.030936109
10,15.12,60,11.436574569999998,157952,1468,0.91,-1.1338660717010498,0.17109375,6160,0.0003,1.3654520511627197,4.407298225164413,-0.9226382970809937,0.2,-0.03613616795046255,0.041640487
10,14.94,61,11.539422620000003,158208,1468,0.92,0.30028021335601807,0.1734375,6170,0.0003,1.794212818145752,8.593868714570998,-0.9677178591489792,0.2,-0.02839454138884321,0.029541323
10,13.24,62,12.030817590000002,158464,1468,0.95,0.7533403635025024,0.15,6180,0.0003,0.7269386053085327,3.5659910559654238,-0.9204240724444389,0.2,-0.029240236594341697,0.01407462
10,14.16,63,11.809007050000002,158720,1469,0.93,0.8800933361053467,0.162109375,6190,0.0003,0.3803957402706146,2.158675009012222,-0.9224133923649788,0.2,-0.025689822132699193,0.027107911
11,15.17,64,11.48458406,158976,1469,0.91,0.7066107988357544,0.135546875,6200,0.0003,3.0071001052856445,9.553541761636733,-1.035266686975956,0.2,-0.03471168365795165,0.020787483
11,13.39,65,11.868080010000002,159232,1467,0.93,0.7114888429641724,0.216796875,6210,0.0003,1.7363471984863281,6.335159373283386,-0.9767166152596474,0.2,-0.03510340992361307,0.050059095
11,14.38,66,11.62100795,159488,1468,0.91,-1.904388189315796,0.1765625,6220,0.0003,0.3816254138946533,1.6553135052323342,-0.8069820761680603,0.2,-0.027678143745288254,0.032138564
11,15.07,67,11.225458410000002,159744,1468,0.88,0.6240015029907227,0.200390625,6230,0.0003,2.8120503425598145,8.583034288883209,-0.951245553791523,0.2,-0.029866515647154302,0.026908116
11,14.41,68,11.156578969999998,160000,1468,0.88,0.6653324961662292,0.082421875,6240,0.0003,4.9244794845581055,12.407101225852966,-0.8842016339302063,0.2,-0.026297637913376092,0.016165594
12,13.7,69,11.300483939999998,160256,1468,0.89,0.6466976404190063,0.08515625,6250,0.0003,2.5972118377685547,10.46102353334427,-0.8792209297418594,0.2,-0.026096668373793364,0.012300434
12,14.5,70,11.023104179999997,160512,1468,0.87,0.6469494700431824,0.125390625,6260,0.0003,5.523266792297363,15.425798058509827,-0.9261721834540367,0.2,-0.03185424783732742,0.017490283
12,14.84,71,10.824055479999997,160768,1467,0.86,0.6869564056396484,0.1265625,6270,0.0003,8.595131874084473,19.780642604827882,-1.0474476158618926,0.2,-0.02993328233715147,0.01622071
12,13.92,72,11.239232809999999,161024,1466,0.89,0.7915608286857605,0.12421875,6280,0.0003,1.639342188835144,7.189885622262954,-0.8652648523449897,0.2,-0.030367050389759242,0.013302
12,14.03,73,11.37307609,161280,1466,0.9,0.6305301189422607,0.14140625,6290,0.0003,2.809828996658325,8.274556988477707,-0.9347511857748032,0.2,-0.02446479561040178,0.015517463
12,13.52,74,11.795699560000001,161536,1465,0.92,0.5225884914398193,0.091015625,6300,0.0003,5.102771282196045,16.48645774126053,-0.9166881993412972,0.2,-0.025168582750484347,0.012451024
13,12.62,75,12.347103700000002,161792,1464,0.96,0.48110640048980713,0.124609375,6310,0.0003,0.6862095594406128,2.801112560927868,-0.7788115590810776,0.2,-0.035845435108058155,0.022432618
13,13.45,76,11.99098576,162048,1463,0.94,0.016619384288787842,0.2375,6320,0.0003,0.6827596426010132,2.246257099509239,-0.8675302267074585,0.2,-0.02779512496199459,0.05240011
13,14.11,77,11.814858530000004,162304,1463,0.93,0.6000275611877441,0.158203125,6330,0.0003,1.18380868434906,7.861992698907852,-0.9491416916251183,0.2,-0.013046268140897155,0.014644677
13,12.29,78,11.956556179999998,162560,1463,0.94,0.7390862703323364,0.125,6340,0.0003,2.077397584915161,6.946178138256073,-0.8696233943104744,0.2,-0.03186700597871095,0.018110232
13,13.09,79,11.64431711,162816,1463,0.92,0.7834621667861938,0.12421875,6350,0.0003,1.3402959108352661,8.628389805555344,-0.8733362600207328,0.2,-0.034424520353786646,0.017159332
