#{"t_start": 1790592057.4880018, "env_id": "None"}
r,l,t,is_success,terminal_reason,stage
-2.581589,54,19.066955,False,stalled,0
-3.538226,40,32.738289,False,out_of_bounds,0
-4.321267,42,46.722538,False,stalled,0
-5.268398,42,60.59669,False,stalled,0
-5.869693,40,74.957164,False,stalled,0
-4.346455,70,96.170254,False,stalled,0
-5.637528,40,110.134845,False,stalled,0
-5.473151,42,124.237769,False,stalled,0
0.631952,100,157.132943,False,max_steps,0
-3.452008,49,171.738261,False,stalled,0
-2.777385,70,193.804137,False,stalled,0
10.569065,83,220.87235,True,success,0
-3.019228,80,247.011693,False,stalled,0
-4.445595,51,263.729895,False,stalled,0
-4.357498,58,283.073914,False,stalled,0
13.328527,25,291.988939,True,success,0
-2.964356,45,307.12437,False,stalled,0
-5.959638,40,321.327935,False,stalled,0
-5.677357,70,345.06307,False,out_of_bounds,0
-4.146235,50,361.351297,False,stalled,0
-5.4186,42,375.18653,False,stalled,0
-4.32012,41,389.193826,False,stalled,0
-6.577055,40,402.597229,False,stalled,0
13.363093,17,408.650451,True,success,0
-2.803493,47,424.132749,False,stalled,0
12.761931,34,435.466372,True,success,0
-2.852408,56,453.691962,False,out_of_bounds,0
-3.422663,49,470.608158,False,stalled,0
-5.209712,45,485.053894,False,out_of_bounds,0
-3.30684,48,500.84261,False,stalled,0
-5.613142,94,533.01056,False,stalled,0
-5.854911,61,554.316992,False,stalled,0
11.403559,67,576.364165,True,success,0
-3.017122,41,590.018427,False,stalled,0
12.256448,52,607.176943,True,success,0
-3.163305,75,632.96882,False,stalled,0
13.280403,20,639.976558,True,success,0
-3.512278,78,666.541944,False,stalled,0
-5.810536,44,680.587376,False,stalled,0
-4.865686,68,703.008434,False,stalled,0
-3.709045,65,723.681488,False,stalled,0
-3.163645,53,741.689042,False,stalled,0
-3.460034,62,760.824165,False,stalled,0
12.397515,37,773.283443,True,success,0
12.179083,50,790.059111,True,success,0
-2.050679,55,807.987817,False,stalled,0
-3.612652,79,833.803863,False,stalled,0
-3.142391,48,849.280997,False,out_of_bounds,0
12.106476,43,863.236599,True,success,0
-4.673932,40,876.420607,False,stalled,0
-2.618212,38,889.147991,False,out_of_bounds,0
-2.9936,37,901.207426,False,out_of_bounds,0
-2.33467,26,910.23032,False,out_of_bounds,0
13.312073,14,914.961991,True,success,0
12.451791,50,931.886928,True,success,0
12.051493,46,946.733409,True,success,0
11.070469,78,972.054955,True,success,0
13.12258,21,979.667753,True,success,0
-2.809819,83,1006.622921,False,stalled,0
13.046074,31,1017.754838,True,success,0
-6.378937,45,1032.89382,False,stalled,0
-2.223394,68,1055.056815,False,stalled,0
13.210569,13,1059.830827,True,success,0
11.735348,53,1077.247929,True,success,0
12.024079,53,1095.133873,True,success,0
13.215033,23,1103.417865,True,success,0
-2.472676,38,1116.585622,False,out_of_bounds,0
13.395447,15,1122.368817,True,success,0
12.595218,48,1138.777373,True,success,0
13.066945,17,1144.839659,True,success,0
-2.977079,43,1158.649766,False,stalled,0
13.622653,14,1164.266907,True,success,0
12.892326,31,1174.348617,True,success,0
-1.799395,54,1191.91679,False,stalled,0
13.089377,23,1200.257912,True,success,0
13.177775,22,1207.806138,True,success,0
13.407924,23,1215.604026,True,success,0
13.089053,30,1226.399174,True,success,0
12.825116,35,1238.462015,True,success,0
-5.288554,47,1253.855361,False,stalled,0
13.199572,25,1262.797767,True,success,0
12.209255,48,1278.254116,True,success,0
-1.733478,37,1291.307965,False,out_of_bounds,0
-1.802655,69,1312.589002,False,stalled,0
-6.686614,27,1321.943685,False,out_of_bounds,0
-2.312121,81,1349.223069,False,stalled,0
12.759174,25,1357.987316,True,success,0
13.352168,16,1364.020421,True,success,0
-3.306713,48,1379.846365,False,out_of_bounds,0
-2.142746,46,1395.441015,False,stalled,0
-1.690572,74,1419.967024,False,stalled,0
12.939316,37,1433.038083,True,success,0
12.679714,45,1448.888758,True,success,0
13.562426,14,1454.44396,True,success,0
13.423696,13,1459.545557,True,success,0
-4.626628,43,1473.852225,False,stalled,0
12.804792,38,1487.104154,True,success,0
13.12134,21,1494.78888,True,success,0
-4.67973,44,1509.588596,False,stalled,0
13.250835,13,1514.432409,True,success,0
13.070594,30,1524.457182,True,success,0
10.950568,88,1553.333868,True,success,0
-3.585675,68,1575.45358,False,stalled,0
11.005751,91,1605.084263,True,success,0
13.242568,15,1610.629465,True,success,0
12.582559,32,1621.454253,True,success,0
13.275532,12,1626.242711,True,success,0
-1.814464,53,1643.23882,False,stalled,0
13.428256,13,1648.330917,True,success,0
13.028439,29,1658.466017,True,success,0
12.995074,23,1665.971934,True,success,0
13.350059,10,1670.014959,True,success,0
12.330279,43,1684.343499,True,success,0
-1.697923,70,1708.284391,False,stalled,0
13.234131,20,1715.651103,True,success,0
-3.656874,51,1732.428757,False,stalled,0
13.52412,10,1736.00041,True,success,0
12.954337,25,1744.781397,True,success,0
-0.234169,100,1777.999609,False,max_steps,0
13.264569,20,1785.402179,True,success,0
11.54666,77,1810.450176,True,success,0
13.714092,9,1814.252363,True,success,0
-3.389063,57,1833.147868,False,stalled,0
13.342169,19,1840.282479,True,success,0
13.791717,9,1844.030163,True,success,0
13.055573,21,1851.432919,True,success,0
-1.888708,58,1871.410825,False,stalled,0
13.483071,11,1875.740596,True,success,0
13.349906,16,1881.857194,True,success,0
13.363095,21,1889.760011,True,success,0
13.28778,25,1898.971491,True,success,0
13.443971,9,1902.456283,True,success,0
12.507539,42,1916.31776,True,success,0
13.056341,25,1924.559464,True,success,0
12.996296,22,1931.796522,True,success,0
13.128333,18,1938.006752,True,success,0
13.456848,14,1943.545139,True,success,0
13.363193,21,1951.048649,True,success,0
13.338416,15,1956.704172,True,success,0
12.173054,43,1970.687645,True,success,0
-1.484986,61,1991.897555,False,stalled,0
13.264424,12,1995.896918,True,success,0
13.71876,8,1998.798466,True,success,0
-2.453825,45,2013.75132,False,stalled,0
12.877584,27,2022.933256,True,success,0
13.415355,26,2032.316491,True,success,0
13.477018,10,2036.375381,True,success,0
13.728075,7,2039.556984,True,success,0
13.459515,15,2044.893252,True,success,0
13.599788,10,2048.303619,True,success,0
13.280094,17,2054.111731,True,success,0
13.298349,16,2059.904533,True,success,0
12.922657,27,2068.935942,True,success,0
-2.952862,34,2079.313563,False,out_of_bounds,0
13.356536,17,2085.176413,True,success,0
13.414205,13,2090.282681,True,success,0
13.716933,10,2094.377914,True,success,0
12.031163,34,2104.971777,True,success,0
13.421844,12,2109.266577,True,success,0
12.997896,20,2116.301388,True,success,0
13.058823,21,2123.822544,True,success,0
13.336391,15,2129.051862,True,success,0
12.802645,25,2137.120891,True,success,0
12.336106,33,2147.520733,True,success,0
13.499494,11,2151.986356,True,success,0
13.08014,21,2159.478113,True,success,0
13.152534,15,2164.624447,True,success,0
12.667152,29,2173.819805,True,success,0
13.397025,10,2177.776939,True,success,0
13.294263,13,2181.974557,True,success,0
13.54406,6,2184.788296,True,success,0
13.493548,13,2189.660124,True,success,0
13.527664,7,2192.203158,True,success,0
13.557161,8,2195.12135,True,success,0
13.586109,6,2197.456733,True,success,0
13.222908,11,2200.849952,True,success,0
13.087348,25,2210.165395,True,success,0
13.385331,9,2213.805611,True,success,0
13.496153,10,2217.82778,True,success,0
13.510721,8,2221.077965,True,success,0
13.220348,18,2227.775262,True,success,0
-1.946712,57,2246.669614,False,stalled,0
13.611515,6,2249.551557,True,success,0
13.441621,10,2253.524916,True,success,0
13.060792,24,2262.058105,True,success,0
13.835653,7,2264.794807,True,success,0
13.40028,9,2268.456224,True,success,0
13.309408,9,2272.088176,True,success,0
13.502159,11,2276.622641,True,success,0
13.137868,16,2282.359849,True,success,0
13.282796,11,2286.519942,True,success,0
13.423132,8,2289.438592,True,success,0
13.420243,12,2294.167131,True,success,0
12.994755,18,2300.113295,True,success,0
13.50949,13,2305.211782,True,success,0
12.952304,17,2310.652891,True,success,0
13.484879,11,2315.073105,True,success,0
13.551268,8,2318.258929,True,success,0
-5.05069,43,2332.204307,False,stalled,0
13.533731,10,2335.995536,True,success,0
13.610984,7,2338.622078,True,success,0
12.874777,32,2349.028269,True,success,0
13.488517,10,2352.70594,True,success,0
13.558283,13,2357.856624,True,success,0
13.706809,8,2361.176587,True,success,0
13.176674,14,2366.059861,True,success,0
13.498298,10,2369.528592,True,success,0
13.404952,10,2373.170368,True,success,0
13.472121,8,2376.634873,True,success,0
13.704839,6,2378.862942,True,success,0
13.487933,7,2381.334952,True,success,0
13.619311,9,2385.012668,True,success,0
13.648284,6,2387.638866,True,success,0
13.649037,12,2392.199329,True,success,0
13.414472,13,2397.049785,True,success,0
13.455606,9,2400.317155,True,success,0
13.430049,9,2403.790961,True,success,0
12.924115,34,2415.552641,True,success,0
13.629709,7,2418.304682,True,success,0
-4.251773,48,2433.369971,False,stalled,0
13.289129,14,2438.720066,True,success,0
13.519631,12,2443.183906,True,success,0
13.474652,9,2446.99699,True,success,0
-3.005281,29,2457.046911,False,out_of_bounds,0
13.327999,15,2462.450101,True,success,0
13.629098,12,2467.09157,True,success,0
13.637383,12,2471.804212,True,success,0
13.455541,11,2476.328362,True,success,0
-5.78712,43,2489.453773,False,stalled,0
13.585684,8,2492.929703,True,success,0
13.411152,7,2495.773138,True,success,0
13.10615,15,2501.155007,True,success,0
-1.825554,62,2522.005389,False,stalled,0
13.617101,9,2525.941459,True,success,0
13.7651,8,2529.433808,True,success,0
13.65932,8,2532.934635,True,success,0
13.451077,9,2536.39618,True,success,0
13.459132,13,2541.179127,True,success,0
13.464644,10,2545.28315,True,success,0
13.496049,9,2549.080065,True,success,0
13.605064,7,2551.615555,True,success,0
12.804481,33,2562.936726,True,success,0
13.590486,11,2567.44953,True,success,0
13.52187,9,2570.603439,True,success,0
13.333258,25,2579.73129,True,success,0
12.847961,46,2596.139258,True,success,0
13.637225,9,2600.004208,True,success,0
13.488105,8,2603.34329,True,success,0
12.684362,46,2618.970464,True,success,0
-5.825006,43,2632.563526,False,stalled,0
13.569265,17,2639.034876,True,success,0
13.648038,11,2643.018812,True,success,0
13.641349,9,2646.44892,True,success,0
13.398604,8,2649.410053,True,success,0
13.496533,8,2652.864473,True,success,0
13.205414,25,2661.424323,True,success,0
13.372625,10,2665.514384,True,success,0
13.54622,7,2668.330532,True,success,0
13.493902,13,2673.352611,True,success,0
13.446576,7,2675.900498,True,success,0
13.366547,10,2679.770846,True,success,0
13.372625,14,2685.236729,True,success,0
13.576738,8,2688.833893,True,success,0
13.569699,11,2693.221185,True,success,0
12.833169,37,2705.940584,True,success,0
13.497588,9,2709.398324,True,success,0
13.468008,10,2713.465639,True,success,0
13.191187,20,2720.798937,True,success,0
13.627099,9,2724.476763,True,success,0
13.645443,7,2727.398661,True,success,0
13.441682,10,2730.930903,True,success,0
13.514297,11,2734.804116,True,success,0
13.525123,7,2737.159698,True,success,0
13.629439,7,2739.495934,True,success,0
13.647312,7,2742.405189,True,success,0
13.468111,17,2748.820188,True,success,0
13.658159,7,2751.735532,True,success,0
13.543169,21,2759.143542,True,success,0
13.60142,6,2761.763389,True,success,0
13.412147,8,2765.070713,True,success,0
12.758857,26,2773.910677,True,success,0
13.553972,7,2777.020372,True,success,0
13.423136,10,2781.004545,True,success,0
12.985674,27,2790.584805,True,success,0
13.253151,10,2794.400064,True,success,0
13.518742,9,2798.060163,True,success,0
13.296382,18,2804.806617,True,success,0
13.257411,17,2811.29436,True,success,0
13.455635,10,2814.95089,True,success,0
13.30674,10,2818.172282,True,success,0
13.504033,10,2822.08623,True,success,0
13.626284,7,2825.154603,True,success,0
13.581915,8,2828.666572,True,success,0
13.23113,13,2832.979005,True,success,0
13.431008,7,2835.601924,True,success,0
13.268748,16,2841.15606,True,success,0
13.461886,8,2844.492816,True,success,0
13.607195,7,2847.600769,True,success,0
13.560822,14,2853.155027,True,success,0
13.7846,7,2855.813682,True,success,0
13.603336,7,2858.566447,True,success,0
13.412079,9,2862.053888,True,success,0
13.395634,11,2866.340304,True,success,0
13.43928,7,2869.351053,True,success,0
13.412433,9,2873.047568,True,success,0
13.416298,10,2876.902523,True,success,0
13.582604,7,2880.015609,True,success,0
13.25475,11,2884.064923,True,success,0
13.517866,9,2887.345498,True,success,0
13.291922,13,2892.312982,True,success,0
13.517961,8,2895.705301,True,success,0
13.4979,8,2899.053973,True,success,0
13.535841,11,2903.38791,True,success,0
12.931505,20,2910.410794,True,success,0
13.675605,7,2913.528827,True,success,0
13.24137,19,2920.458257,True,success,0
13.307843,13,2924.945604,True,success,0
13.440368,9,2928.596533,True,success,0
13.478204,9,2932.379406,True,success,0
13.29053,13,2937.498748,True,success,0
13.726088,7,2940.608215,True,success,0
13.401658,14,2946.308882,True,success,0
13.57505,6,2948.788439,True,success,0
13.351599,9,2952.058344,True,success,0
13.48341,9,2955.893925,True,success,0
13.392147,9,2959.325383,True,success,0
13.26,12,2963.958266,True,success,0
13.718406,6,2966.525587,True,success,0
13.406375,14,2971.06452,True,success,0
13.399916,15,2976.61268,True,success,0
13.555895,7,2979.722619,True,success,0
13.326141,11,2983.940372,True,success,0
13.563367,8,2987.287866,True,success,0
13.264394,11,2991.538361,True,success,0
13.546656,7,2994.654897,True,success,0
13.406082,19,3001.77901,True,success,0
13.469382,8,3005.423601,True,success,0
13.271403,11,3009.682373,True,success,0
13.469065,7,3012.690265,True,success,0
13.51992,11,3017.165834,True,success,0
13.527469,17,3023.057014,True,success,0
13.569611,9,3026.172049,True,success,0
13.581562,7,3029.009788,True,success,0
13.512054,8,3032.357083,True,success,0
13.258259,14,3037.259362,True,success,0
13.273237,19,3044.528025,True,success,0
13.111957,17,3050.686902,True,success,0
13.2604,19,3057.581937,True,success,0
13.513635,7,3060.714283,True,success,0
13.003526,23,3068.343812,True,success,0
13.550499,9,3071.987246,True,success,0
13.635825,7,3075.137313,True,success,0
-2.372557,31,3085.814508,False,out_of_bounds,0
13.35347,17,3091.759685,True,success,0
13.79432,9,3095.270649,True,success,0
13.487835,8,3098.600624,True,success,0
13.539406,6,3101.379021,True,success,0
13.432521,10,3104.804048,True,success,0
13.134022,25,3113.604547,True,success,0
13.571406,7,3116.753882,True,success,0
13.445707,9,3120.432531,True,success,0
13.529624,9,3124.301266,True,success,0
13.584525,8,3127.796833,True,success,0
13.196943,12,3132.188325,True,success,0
13.680134,6,3134.985328,True,success,0
13.600458,7,3138.049939,True,success,0
13.325792,13,3142.103646,True,success,0
13.515064,6,3144.597993,True,success,0
13.63715,12,3149.149502,True,success,0
13.533518,8,3152.120058,True,success,0
13.445301,7,3155.167822,True,success,0
13.416177,8,3157.813761,True,success,0
13.460724,10,3161.500885,True,success,0
13.67575,7,3164.494909,True,success,0
13.460581,7,3167.511203,True,success,0
13.586147,7,3170.644176,True,success,0
13.449301,21,3178.596482,True,success,0
13.134364,11,3182.809157,True,success,0
13.618588,7,3185.728163,True,success,0
13.315869,11,3189.941912,True,success,0
10.615767,47,3203.613686,True,success,0
13.584328,7,3206.678155,True,success,0
13.686948,6,3209.449357,True,success,0
13.5515,8,3212.899747,True,success,0
13.354055,20,3220.221887,True,success,0
13.397171,10,3224.397023,True,success,0
13.546373,13,3229.01675,True,success,0
13.341911,10,3232.169692,True,success,0
13.11627,15,3237.489444,True,success,0
13.723846,7,3240.637686,True,success,0
13.346568,12,3244.775276,True,success,0
13.373452,9,3248.317816,True,success,0
10.171094,40,3259.513029,True,success,0
13.383926,9,3262.821239,True,success,0
13.533281,7,3265.942731,True,success,0
13.63965,9,3269.730597,True,success,0
13.545099,6,3272.544877,True,success,0
13.249517,23,3280.884743,True,success,0
13.104847,17,3286.996615,True,success,0
13.524078,6,3289.580032,True,success,0
-2.112817,19,3296.14098,False,out_of_bounds,0
13.692831,7,3299.367226,True,success,0
13.656492,7,3302.091147,True,success,0
13.09136,27,3311.387132,True,success,0
13.252145,22,3318.757844,True,success,0
13.571904,9,3322.419708,True,success,0
13.352203,11,3326.770955,True,success,0
13.665457,8,3330.205039,True,success,0
13.543116,9,3333.903443,True,success,0
13.251114,12,3338.350678,True,success,0
13.445238,10,3341.829831,True,success,0
13.411345,10,3345.841567,True,success,0
13.175969,16,3351.648427,True,success,0
13.532837,9,3355.359421,True,success,0
13.473493,8,3358.198623,True,success,0
13.660361,8,3361.565375,True,success,0
13.518215,8,3365.02865,True,success,0
13.546683,11,3369.623148,True,success,0
13.52213,7,3372.712421,True,success,0
13.220974,17,3379.115057,True,success,0
12.354045,50,3395.985737,True,success,0
13.441272,14,3401.392603,True,success,0
13.613246,7,3404.255716,True,success,0
13.509797,9,3408.05055,True,success,0
13.736851,8,3411.417076,True,success,0
13.408479,9,3414.379134,True,success,0
13.561177,7,3417.370566,True,success,0
13.783361,10,3421.458611,True,success,0
13.581147,7,3424.554682,True,success,0
13.534425,9,3428.565638,True,success,0
13.373879,13,3433.613289,True,success,0
13.594118,8,3436.988872,True,success,0
13.215928,24,3445.700307,True,success,0
13.550435,11,3450.018609,True,success,0
13.306314,13,3454.997163,True,success,0
13.654092,7,3457.91947,True,success,0
11.105185,44,3469.104422,True,success,0
13.416332,12,3473.940933,True,success,0
13.500159,8,3477.409196,True,success,0
13.527442,6,3479.969524,True,success,0
13.65126,6,3482.238618,True,success,0
13.556461,7,3485.367154,True,success,0
13.672428,7,3488.459195,True,success,0
13.662098,7,3491.433572,True,success,0
13.515213,11,3495.878659,True,success,0
13.633046,7,3498.97299,True,success,0
13.344079,12,3503.662568,True,success,0
13.548244,6,3506.220343,True,success,0
13.515618,8,3509.679164,True,success,0
13.65138,7,3512.669402,True,success,0
13.520132,8,3516.069506,True,success,0
13.641638,8,3519.370691,True,success,0
13.509476,8,3522.708121,True,success,0
13.374666,9,3526.387439,True,success,0
13.490329,7,3529.53738,True,success,0
13.258406,13,3534.478338,True,success,0
13.767997,8,3537.595742,True,success,0
-1.094767,47,3553.768241,False,stalled,0
13.592317,7,3556.800591,True,success,0
13.695044,7,3559.76709,True,success,0
13.511713,9,3563.632978,True,success,0
13.637532,8,3567.079915,True,success,0
13.592964,6,3569.757837,True,success,0
13.466449,11,3573.92991,True,success,0
13.639668,6,3576.575096,True,success,0
13.692662,7,3579.808339,True,success,0
13.684092,6,3582.630343,True,success,0
13.530368,8,3585.809955,True,success,0
