rollout/ep_rew_mean,time/time_elapsed,time/iterations,rollout/ep_len_mean,time/fps,rollout/success_rate,time/total_timesteps,train/value_loss,train/clip_range,train/n_updates,train/clip_fraction,train/learning_rate,train/loss,train/approx_kl,train/policy_gradient_loss,train/explained_variance,train/entropy_loss
-3.4373763333333334,0,1,32.166666666666664,2672,0.16666666666666666,256,,,,,,,,,,
-4.644923583333334,0,2,40.916666666666664,2070,0.08333333333333333,512,7.67787733078003,0.2,10,0.0,0.0003,2.667377471923828,0.002175653,-0.0064243254717439415,-0.008736252784729004,-2.1965692818164824
-4.356393949999999,0,3,37.3,1929,0.1,768,2.8492784440517425,0.2,20,0.0,0.0003,0.8614033460617065,0.0034543928,-0.008439815300516785,0.0541081428527832,-2.191636544466019
-4.31470725925926,0,4,35.888888888888886,1858,0.1111111111111111,1024,8.824292808771133,0.2,30,0.036328125,0.0003,3.701692581176758,0.009572615,-0.009618145832791924,0.02447223663330078,-2.1744592249393464
-3.777959457142858,0,5,36.22857142857143,1819,0.14285714285714285,1280,8.650343310832977,0.2,40,0.0,0.0003,4.488445281982422,0.003719384,-0.007294818491209299,0.09979349374771118,-2.168612629175186
-3.542256681818182,0,6,34.86363636363637,1794,0.1590909090909091,1536,21.60483229160309,0.2,50,0.0,0.0003,13.238203048706055,0.0041179247,-0.00767632887000218,0.07434302568435669,-2.1722291886806486
-3.288055173076923,1,7,34.09615384615385,1775,0.17307692307692307,1792,16.220818996429443,0.2,60,0.0,0.0003,4.5721330642700195,0.0018733111,-0.003667163022328168,0.15087413787841797,-2.163217490911484
-3.1329121500000006,1,8,33.733333333333334,1712,0.18333333333333332,2048,16.619774866104127,0.2,70,0.00625,0.0003,10.401293754577637,0.0051165363,-0.006413726753089577,0.19689011573791504,-2.1475939989089965
-3.207735895522388,1,9,34.07462686567164,1707,0.1791044776119403,2304,18.228747272491454,0.2,80,0.0234375,0.0003,5.9979777336120605,0.013055802,-0.012662606756202876,0.20995348691940308,-2.1089029967784882
-3.4489918289473684,1,10,33.6578947368421,1703,0.17105263157894737,2560,12.076446533203125,0.2,90,0.0,0.0003,4.642712116241455,0.0017930884,-0.002947807463351637,0.3100484013557434,-2.066231554746628
-3.749846710843374,1,11,33.86746987951807,1700,0.1566265060240964,2816,16.673523080348968,0.2,100,0.03046875,0.0003,2.5767202377319336,0.006556602,-0.011849837214685976,0.19393444061279297,-2.0340669214725495
-3.815307811111111,1,12,33.68888888888889,1701,0.15555555555555556,3072,5.230945280194282,0.2,110,0.0015625,0.0003,1.0185543298721313,0.0041366722,-0.009190280013717711,0.48691558837890625,-2.017947977781296
-3.9033689793814434,1,13,34.05154639175258,1701,0.15463917525773196,3328,16.236370956897737,0.2,120,0.057421875,0.0003,8.315075874328613,0.012969036,-0.0159560238244012,0.3017609715461731,-2.0835637032985685
-3.87444889,2,14,34.21,1695,0.16,3584,17.195922136306763,0.2,130,0.006640625,0.0003,8.118547439575195,0.0031500692,-0.007306045666337013,0.19470494985580444,-2.123832035064697
-3.32969799,2,15,33.33,1691,0.19,3840,24.660757374763488,0.2,140,0.00078125,0.0003,7.352396488189697,0.0034296927,-0.0067120908293873075,0.2781294584274292,-2.1423964381217955
-3.4413481299999997,2,16,34.39,1684,0.18,4096,41.80297226905823,0.2,150,0.0,0.0003,20.27754783630371,0.0009987887,-0.0019647131441161035,0.2216484546661377,-2.1459595024585725
-3.34687027,2,17,35.13,1682,0.18,4352,7.930166220664978,0.2,160,0.001953125,0.0003,2.2727603912353516,0.00236064,-0.006765885022468865,0.17956745624542236,-2.1552537381649017
-3.3861554000000007,2,18,35.27,1679,0.18,4608,21.69683505296707,0.2,170,0.008984375,0.0003,7.270899295806885,0.0076067746,-0.012112518306821585,0.1668296456336975,-2.148658740520477
-3.1868043400000006,2,19,35.16,1678,0.19,4864,5.553348678350448,0.2,180,0.0046875,0.0003,2.246809959411621,0.0028666256,-0.005050255684182048,0.5310262441635132,-2.1257761299610136
-3.2036775,3,20,35.2,1676,0.19,5120,48.73335452079773,0.2,190,0.0,0.0003,24.02708625793457,0.00096717733,-0.004230812739115209,0.3138303756713867,-2.1253276467323303
-2.9619833700000004,3,21,35.09,1674,0.2,5376,23.06000645160675,0.2,200,0.0015625,0.0003,8.293688774108887,0.0021908195,-0.006964666908606887,0.36466121673583984,-2.1328528940677645
-2.74490569,3,22,34.73,1671,0.21,5632,34.96407499313354,0.2,210,0.0,0.0003,11.669007301330566,0.0006745495,-0.0012272796942852438,0.4485650658607483,-2.138711029291153
-2.6676064799999994,3,23,35.2,1668,0.21,5888,32.77641658782959,0.2,220,0.0,0.0003,14.834589958190918,0.0008757771,-0.0033947966643609107,0.19627386331558228,-2.1418732583522795
-1.87648249,3,24,34.97,1662,0.25,6144,30.06888771057129,0.2,230,0.0,0.0003,14.45142936706543,0.0037520984,-0.005802338593639433,0.298584520816803,-2.1471634805202484
-1.77227297,3,25,34.94,1662,0.25,6400,50.03937482833862,0.2,240,0.0,0.0003,22.778736114501953,0.0017866332,-0.004933041613548994,0.265946626663208,-2.158012419939041
-1.46280024,4,26,34.92,1661,0.26,6656,10.12078503370285,0.2,250,0.0,0.0003,2.3479785919189453,0.001340681,-0.006041959673166275,0.16088050603866577,-2.1707600176334383
-1.4946362300000002,4,27,34.99,1660,0.25,6912,24.298504137992857,0.2,260,0.0,0.0003,13.726188659667969,0.0027261525,-0.005670857150107622,0.4493081569671631,-2.1761537969112394
-1.4301384799999999,4,28,35.72,1659,0.25,7168,13.26975350379944,0.2,270,0.001953125,0.0003,3.999004602432251,0.0022377828,-0.004869005596265197,0.18448835611343384,-2.1751136004924776
-2.01298622,4,29,35.0,1657,0.22,7424,6.985407888889313,0.2,280,0.054296875,0.0003,6.010342121124268,0.012687503,-0.01839474926237017,0.17500340938568115,-2.156423991918564
-2.1143523199999996,4,30,34.07,1655,0.22,7680,17.542867970466613,0.2,290,0.0015625,0.0003,8.361987113952637,0.005053458,-0.006529055652208626,0.30558156967163086,-2.140401875972748
-1.8146288000000002,4,31,33.13,1654,0.24,7936,22.82050030231476,0.2,300,0.0,0.0003,8.433777809143066,0.0032312847,-0.0074518873007036746,0.21649980545043945,-2.159582757949829
-2.1136273400000003,4,32,33.24,1652,0.22,8192,47.74795780181885,0.2,310,0.01796875,0.0003,19.712583541870117,0.0020454412,-0.006990626244805754,0.23201924562454224,-2.1571677923202515
-2.26752049,5,33,33.92,1652,0.21,8448,19.740816801786423,0.2,320,0.0,0.0003,10.715752601623535,0.0017911934,-0.005149277142481879,0.30898237228393555,-2.159318912029266
-2.3043549999999997,5,34,34.55,1651,0.21,8704,31.046073150634765,0.2,330,0.0546875,0.0003,12.463635444641113,0.0097301435,-0.012199262576177716,0.14235270023345947,-2.1590376675128935
-2.51050915,5,35,34.96,1651,0.2,8960,71.8900652885437,0.2,340,0.0,0.0003,30.21465492248535,0.0010075967,-0.0038206731667742135,0.13665461540222168,-2.160163068771362
-2.11492799,5,36,34.53,1649,0.22,9216,26.981715178489686,0.2,350,0.01015625,0.0003,13.067069053649902,0.0072633782,-0.012971938541159033,0.3584566116333008,-2.1675731599330903
-2.07830421,5,37,34.02,1649,0.22,9472,42.93951287269592,0.2,360,0.0,0.0003,17.751848220825195,0.0017885871,-0.00485366937937215,0.3444511294364929,-2.1698748588562013
-2.28011791,5,38,35.43,1649,0.21,9728,28.652322316169737,0.2,370,0.0,0.0003,10.441634178161621,0.0026328922,-0.0057218953967094425,0.4396567940711975,-2.1676690518856048
-2.03540153,6,39,34.9,1648,0.22,9984,33.11961941719055,0.2,380,0.1,0.0003,14.668654441833496,0.013000822,-0.018126479000784457,0.2520381212234497,-2.152416151762009
-1.7304441600000002,6,40,35.83,1647,0.24,10240,25.6484582901001,0.2,390,0.025,0.0003,3.136916160583496,0.0073019625,-0.008256489562336355,0.3221718668937683,-2.1617434918880463
-1.66779285,6,41,36.09,1646,0.24,10496,81.09888439178467,0.2,400,0.0,0.0003,41.505680084228516,0.000504395,-0.001979736122302711,-0.05536651611328125,-2.1710233867168425
-1.44017651,6,42,35.97,1646,0.25,10752,11.91827232837677,0.2,410,0.0,0.0003,3.6314034461975098,0.001661058,-0.0053681526682339605,0.03392636775970459,-2.1703972280025483
-1.1912418899999997,6,43,36.16,1646,0.26,11008,35.14893627166748,0.2,420,0.0,0.0003,26.283748626708984,0.0015102429,-0.0036891973810270428,0.26387083530426025,-2.1647216439247132
-0.63823953,6,44,35.91,1645,0.29,11264,27.876835656166076,0.2,430,0.0,0.0003,9.950223922729492,0.003932679,-0.008435688656754791,0.3914092183113098,-2.155548882484436
-0.25509320999999974,6,45,36.15,1646,0.31,11520,49.75405035018921,0.2,440,0.0,0.0003,25.7352352142334,0.0014795328,-0.004798089619725943,0.40449124574661255,-2.152704304456711
0.6635539300000001,7,46,35.66,1646,0.36,11776,66.32741832733154,0.2,450,0.0,0.0003,33.75318908691406,0.0009843803,-0.003862132295034826,0.1510303020477295,-2.157350480556488
0.7042670799999999,7,47,35.6,1646,0.36,12032,65.73205957412719,0.2,460,0.0,0.0003,27.085227966308594,0.00020876597,-0.0012190338689833879,0.41022157669067383,-2.1561030089855193
1.2750264800000002,7,48,35.01,1643,0.39,12288,38.50131635665893,0.2,470,0.001171875,0.0003,21.037569046020508,0.0034723359,-0.00608523734845221,0.35671740770339966,-2.1551796734333037
1.5249601199999998,7,49,35.51,1644,0.4,12544,44.87112030982971,0.2,480,0.0,0.0003,27.711929321289062,0.0035147048,-0.00764322355389595,0.47115784883499146,-2.1500344455242155
1.8471519100000002,7,50,35.61,1642,0.42,12800,38.893034029006955,0.2,490,0.001953125,0.0003,15.178779602050781,0.0050755246,-0.009304701001383364,0.4330219626426697,-2.137771886587143
1.9001242399999998,7,51,36.69,1643,0.42,13056,61.77078514099121,0.2,500,0.0,0.0003,29.15688133239746,0.0014468308,-0.0023884550435468556,0.27923887968063354,-2.148099833726883
2.25635023,8,52,36.09,1643,0.44,13312,27.622796845436095,0.2,510,0.0,0.0003,11.466631889343262,0.000744611,-0.0029150502872653306,0.5226099491119385,-2.153418505191803
2.6178318100000006,8,53,33.87,1641,0.46,13568,40.80971632003784,0.2,520,0.019921875,0.0003,27.56331443786621,0.008861914,-0.010700426751282067,0.40258437395095825,-2.157160258293152
2.6163599000000004,8,54,33.84,1641,0.46,13824,40.5996826171875,0.2,530,0.0,0.0003,19.564428329467773,0.0033523098,-0.009832597197964787,0.5447104573249817,-2.1343080163002015
3.4305125100000002,8,55,33.05,1640,0.51,14080,43.897841930389404,0.2,540,0.0,0.0003,29.46007537841797,0.003956709,-0.0059725702623836694,0.025538921356201172,-2.135655105113983
3.7873042299999997,8,56,32.98,1639,0.53,14336,77.5719747543335,0.2,550,0.0,0.0003,27.755739212036133,0.0013011466,-0.0014745211927220225,0.18480104207992554,-2.151013594865799
4.15722287,8,57,33.5,1640,0.55,14592,53.66415424346924,0.2,560,0.043359375,0.0003,25.677242279052734,0.01247398,-0.01252431229222566,0.33178621530532837,-2.1388356685638428
4.667686349999999,9,58,32.29,1639,0.58,14848,36.09468822479248,0.2,570,0.028125,0.0003,21.525678634643555,0.011442927,-0.012077857879921794,-0.027147531509399414,-2.1260012090206146
5.373226969999999,9,59,31.22,1639,0.62,15104,39.40086450576782,0.2,580,0.016015625,0.0003,17.52306365966797,0.0071542175,-0.010279633256141096,0.44503849744796753,-2.1440367698669434
5.199548689999999,9,60,31.64,1639,0.61,15360,19.500316405296324,0.2,590,0.000390625,0.0003,10.075260162353516,0.00249608,-0.009094842930790038,0.5916020274162292,-2.125910186767578
6.0419643700000005,9,61,29.97,1638,0.66,15616,36.0374517917633,0.2,600,0.07734375,0.0003,14.803913116455078,0.013192808,-0.016292947228066623,0.4549466371536255,-2.1192402839660645
5.911570249999999,9,62,30.12,1638,0.65,15872,29.679942274093627,0.2,610,0.042578125,0.0003,13.243505477905273,0.007451744,-0.015772735758218914,0.38172048330307007,-2.1062074184417723
6.752748069999999,9,63,28.43,1636,0.7,16128,46.95698690414429,0.2,620,0.197265625,0.0003,21.834131240844727,0.0148079,-0.027177568594925105,0.10280489921569824,-2.1225688338279722
7.6956413800000005,10,64,27.81,1635,0.76,16384,29.79205279350281,0.2,630,0.127734375,0.0003,12.915324211120605,0.012635623,-0.017575459950603545,0.33861279487609863,-2.1158901751041412
8.3636211,10,65,26.82,1634,0.8,16640,24.14468832015991,0.2,640,0.01640625,0.0003,12.924912452697754,0.0077923345,-0.01003488851711154,-0.08036017417907715,-2.103675991296768
8.68130975,10,66,26.35,1634,0.82,16896,7.707897937297821,0.2,650,0.048046875,0.0003,3.6593170166015625,0.009409876,-0.014562361163552851,0.32510554790496826,-2.088601493835449
9.016883640000001,10,67,25.26,1635,0.84,17152,9.186171233654022,0.2,660,0.203125,0.0003,4.582741737365723,0.01189033,-0.035885869478806856,0.3696717619895935,-2.051889491081238
9.67744092,10,68,24.42,1634,0.88,17408,17.284661746025087,0.2,670,0.128515625,0.0003,5.482976913452148,0.014308933,-0.023080711183138192,-0.19073641300201416,-1.9999049305915833
10.153889209999999,10,69,22.2,1633,0.91,17664,3.415630578994751,0.2,680,0.080859375,0.0003,0.8796144127845764,0.009246608,-0.015935876965522768,-0.8021470308303833,-2.0147467643022536
10.871706750000001,10,70,18.99,1632,0.95,17920,4.732695150375366,0.2,690,0.20625,0.0003,1.9502367973327637,0.016678696,-0.03652213613968343,0.3334346413612366,-1.998801276087761
11.203794969999999,11,71,17.43,1631,0.97,18176,1.9453227400779725,0.2,700,0.20546875,0.0003,0.6473261713981628,0.01985833,-0.03821639572270215,-0.6941961050033569,-1.9593765765428544
11.624130899999997,11,72,13.41,1627,0.99,18432,0.8180292263627053,0.2,710,0.199609375,0.0003,0.21011660993099213,0.019619314,-0.034611798962578176,-0.5727648735046387,-1.8959271520376206
11.841870289999997,11,73,11.16,1625,1.0,18688,0.6530459843575954,0.2,720,0.33671875,0.0003,0.16757744550704956,0.024587197,-0.041250952426344155,-0.44154441356658936,-1.7642708986997604
11.858855129999997,11,74,9.02,1623,1.0,18944,0.47945569083094597,0.2,730,0.2421875,0.0003,0.09990550577640533,0.0262653,-0.045128781255334614,-0.24259769916534424,-1.6768664181232453
11.872034099999999,11,75,7.71,1620,1.0,19200,0.22990557737648487,0.2,740,0.24140625,0.0003,0.009686239063739777,0.02254516,-0.04002674180082977,-0.15407347679138184,-1.5938654124736786
11.887478230000001,12,76,6.92,1617,1.0,19456,0.2543882098048925,0.2,750,0.1453125,0.0003,0.03780285269021988,0.014640805,-0.03137573548592627,-0.20419883728027344,-1.5604980260133743
11.943928879999998,12,77,6.61,1615,1.0,19712,0.23406822010874748,0.2,760,0.132421875,0.0003,0.04813055694103241,0.015611036,-0.0340541273355484,0.08483976125717163,-1.4158118695020676
11.971230929999999,12,78,6.16,1611,1.0,19968,0.2069926556199789,0.2,770,0.1421875,0.0003,0.0348125696182251,0.0148429535,-0.03000490495469421,0.13994044065475464,-1.4112267792224884
11.96416731,12,79,6.09,1607,1.0,20224,0.19280923642218112,0.2,780,0.201171875,0.0003,0.022500932216644287,0.016099647,-0.03349395478144288,0.13565540313720703,-1.324487254023552
10.9745897,0,1,7.9,2516,0.94,20480,0.14989239405840635,0.2,790,0.078515625,0.0003,0.028899390250444412,0.01005582,-0.022380591020919383,0.27338850498199463,-1.2146446049213409
10.114075269999999,0,2,9.74,2005,0.89,20736,6.325355571508408,0.2,800,0.323046875,0.0003,1.0384255647659302,0.0737196,-0.03465712463948876,0.4875936508178711,-1.2079509168863296
9.347147940000001,0,3,11.52,1861,0.84,20992,8.745150381326676,0.2,810,0.248828125,0.0003,1.3975430727005005,0.041331984,-0.042258949880488214,0.440443754196167,-1.331806665658951
8.561842200000001,0,4,13.76,1797,0.79,21248,5.9690973401069645,0.2,820,0.29453125,0.0003,1.336812138557434,0.031650797,-0.0350322388112545,0.38881832361221313,-1.4256890088319778
7.73829077,0,5,15.71,1770,0.74,21504,9.066470015048981,0.2,830,0.218359375,0.0003,2.9385204315185547,0.033980712,-0.035577268130145966,0.30912941694259644,-1.2965654283761978
6.9092253,0,6,17.81,1755,0.69,21760,6.745139890909195,0.2,840,0.28046875,0.0003,1.7996312379837036,0.033189096,-0.03625079276971519,0.6201016902923584,-1.4551964223384857
6.239982770000001,1,7,19.47,1731,0.65,22016,9.14628753066063,0.2,850,0.282421875,0.0003,2.1864118576049805,0.0540728,-0.034467105218209323,0.39450621604919434,-1.474287959933281
5.4746191600000005,1,8,21.53,1710,0.6,22272,22.689111971855162,0.2,860,0.214453125,0.0003,8.392555236816406,0.02140155,-0.02987059485167265,0.3224288821220398,-1.3849027156829834
4.88905339,1,9,23.26,1703,0.56,22528,11.128061175346375,0.2,870,0.1546875,0.0003,2.6834523677825928,0.021145927,-0.031479111802764234,0.5138931274414062,-1.3259636282920837
4.99365518,1,10,23.51,1693,0.56,22784,9.282596737146378,0.2,880,0.248046875,0.0003,3.3984932899475098,0.028469032,-0.039670512173324825,0.16990113258361816,-1.3031187653541565
5.52094263,1,11,22.46,1689,0.59,23040,7.37537841796875,0.2,890,0.171875,0.0003,1.3089972734451294,0.032174487,-0.0342460967367515,0.6251858472824097,-1.2700185328722
5.834185259999999,1,12,22.08,1686,0.61,23296,11.072088968753814,0.2,900,0.192578125,0.0003,4.382174968719482,0.021508018,-0.027417083363980056,0.5767491459846497,-1.4108841300010682
6.1265442000000006,1,13,21.51,1682,0.63,23552,17.47364299297333,0.2,910,0.124609375,0.0003,5.6747517585754395,0.023645375,-0.028687002277001737,0.4453544020652771,-1.2891261845827102
6.928642980000001,2,14,20.11,1678,0.67,23808,10.662005424499512,0.2,920,0.130859375,0.0003,2.2742738723754883,0.018808693,-0.02631925243185833,0.6987131834030151,-1.3073139101266862
7.497381870000002,2,15,18.46,1666,0.7,24064,10.72499813437462,0.2,930,0.091796875,0.0003,2.446470022201538,0.01152438,-0.012828959617763758,0.4543701410293579,-1.272180226445198
7.4827027,2,16,19.73,1660,0.7,24320,15.219897365570068,0.2,940,0.178125,0.0003,5.560276985168457,0.01471518,-0.030472682463005184,0.359994113445282,-1.384480008482933
7.950843719999999,2,17,19.07,1655,0.73,24576,11.867330610752106,0.2,950,0.12734375,0.0003,3.012425184249878,0.023641583,-0.022786601341795176,0.29814815521240234,-1.3366181135177613
8.328070530000002,2,18,19.03,1655,0.75,24832,10.36024774312973,0.2,960,0.16015625,0.0003,1.3664332628250122,0.02011284,-0.030710696696769447,0.726952314376831,-1.405625131726265
8.4885563,2,19,18.23,1653,0.76,25088,16.19078607559204,0.2,970,0.22265625,0.0003,5.261362075805664,0.032080382,-0.035977337835356595,0.5597363710403442,-1.286196807026863
9.02207336,3,20,17.72,1642,0.79,25344,10.804780793190002,0.2,980,0.170703125,0.0003,3.232642412185669,0.018951472,-0.02831425773911178,0.36282193660736084,-1.3454760044813157
8.870538519999998,3,21,18.15,1640,0.78,25600,9.39105396270752,0.2,990,0.14375,0.0003,1.788256049156189,0.013856794,-0.02716629970818758,0.48876476287841797,-1.1680819362401962
8.96368745,3,22,19.52,1639,0.79,25856,4.828852063417434,0.2,1000,0.143359375,0.0003,0.7765141129493713,0.024048887,-0.025573907583020628,0.7377810478210449,-1.3921123772859574
9.25838642,3,23,19.63,1639,0.81,26112,9.303541660308838,0.2,1010,0.195703125,0.0003,2.5613112449645996,0.029138692,-0.040604034741409126,0.13468962907791138,-1.4635892391204834
9.43006728,3,24,18.67,1634,0.82,26368,7.107831692695617,0.2,1020,0.246875,0.0003,1.8233954906463623,0.038765624,-0.03324189695995301,0.43870532512664795,-1.43187657892704
9.789367610000001,3,25,18.0,1633,0.84,26624,9.748763644695282,0.2,1030,0.168359375,0.0003,3.210606336593628,0.022988562,-0.038121549296192825,0.3564191460609436,-1.3730878382921219
10.2022621,4,26,18.62,1634,0.87,26880,6.338907462358475,0.2,1040,0.185546875,0.0003,1.9285606145858765,0.021098498,-0.035429312847554684,0.5513720512390137,-1.3449031084775924
9.801356730000002,4,27,19.1,1633,0.84,27136,9.673355841636658,0.2,1050,0.18828125,0.0003,3.2722907066345215,0.023206145,-0.022264585283119233,0.31950443983078003,-1.2917158663272859
10.410225860000002,4,28,18.12,1633,0.88,27392,4.002008888125419,0.2,1060,0.21484375,0.0003,1.2858080863952637,0.04639341,-0.04606057747732848,0.5694687366485596,-1.2433594048023224
10.434558940000002,4,29,17.34,1630,0.88,27648,6.878283244371414,0.2,1070,0.184765625,0.0003,2.0226142406463623,0.03234466,-0.03734275377355516,0.11930191516876221,-1.2791515916585923
10.766546609999999,4,30,15.71,1629,0.9,27904,4.228144127130508,0.2,1080,0.19375,0.0003,1.230819821357727,0.020301571,-0.029464692017063497,0.605139970779419,-1.2700860768556594
10.91867412,4,31,15.74,1628,0.91,28160,4.8786310911178585,0.2,1090,0.26015625,0.0003,0.952610433101654,0.054848827,-0.04027628852054477,-0.12034046649932861,-1.3203819692134857
11.095310200000002,5,32,14.79,1624,0.92,28416,2.284586575627327,0.2,1100,0.270703125,0.0003,0.5472781658172607,0.041809484,-0.04750217848923057,0.40997833013534546,-1.3144263714551925
11.043865760000001,5,33,14.97,1624,0.92,28672,2.8190815925598143,0.2,1110,0.27109375,0.0003,0.6795294284820557,0.03310485,-0.047249416157137604,0.3057894706726074,-1.3909096598625184
11.075886969999999,5,34,14.57,1622,0.92,28928,8.090392768383026,0.2,1120,0.163671875,0.0003,2.6606829166412354,0.025021944,-0.036962056532502174,0.38240140676498413,-1.2910216510295869
10.92546184,5,35,15.77,1624,0.91,29184,4.407062417268753,0.2,1130,0.210546875,0.0003,1.3483948707580566,0.02735404,-0.04109198753722012,0.051642656326293945,-1.2453873753547668
10.899190010000002,5,36,15.75,1620,0.91,29440,8.145761942863464,0.2,1140,0.084765625,0.0003,2.4149813652038574,0.011056486,-0.014378840965218843,0.46740853786468506,-1.2959483176469804
10.912056859999998,5,37,15.75,1620,0.91,29696,2.547709491848946,0.2,1150,0.2765625,0.0003,0.6346205472946167,0.047075164,-0.051021706173196436,-0.15946102142333984,-1.351670029759407
11.07438025,6,38,15.48,1619,0.92,29952,4.2766652464866635,0.2,1160,0.174609375,0.0003,0.9596777558326721,0.024777165,-0.029575337015558034,0.30349820852279663,-1.2523105531930923
11.4130723,6,39,15.21,1619,0.94,30208,1.601327332854271,0.2,1170,0.2921875,0.0003,0.5373638868331909,0.035006363,-0.04403053703717887,-0.4337761402130127,-1.3179493606090547
11.383233030000001,6,40,15.43,1617,0.94,30464,2.0283737912774087,0.2,1180,0.257421875,0.0003,0.4956224262714386,0.040579617,-0.04185969254467636,0.20333731174468994,-1.3396911650896073
11.54365362,6,41,14.3,1617,0.95,30720,1.4040896698832512,0.2,1190,0.236328125,0.0003,0.4632222652435303,0.037366286,-0.03624776024371386,0.304157018661499,-1.3658946722745895
11.223854849999999,6,42,14.52,1615,0.93,30976,3.435498395562172,0.2,1200,0.17265625,0.0003,0.8998210430145264,0.02483581,-0.0295626190607436,0.4493335485458374,-1.387407335639
11.39390867,6,43,14.56,1615,0.94,31232,3.3471539318561554,0.2,1210,0.18125,0.0003,0.7914531826972961,0.02834718,-0.04100953491870314,0.2500237226486206,-1.2719336211681367
11.236433830000001,6,44,14.18,1614,0.93,31488,1.8566498011350632,0.2,1220,0.134765625,0.0003,0.39977777004241943,0.028360423,-0.030322238919325173,-2.2123160362243652,-1.2829211443662643
11.522327349999998,7,45,12.98,1613,0.95,31744,2.2729939043521883,0.2,1230,0.0921875,0.0003,0.8262939453125,0.017111717,-0.023709538346156477,0.5615649223327637,-1.2417281806468963
11.689923649999995,7,46,12.86,1613,0.96,32000,0.6984711945056915,0.2,1240,0.3125,0.0003,0.18117402493953705,0.052165087,-0.05636894493363798,-0.7093096971511841,-1.2831123739480972
12.009530629999999,7,47,13.35,1612,0.98,32256,1.4390965476632118,0.2,1250,0.248828125,0.0003,0.3309552073478699,0.02641496,-0.036356933135539296,0.1505671739578247,-1.3353483349084854
11.837431660000002,7,48,13.79,1610,0.97,32512,0.9388932064175606,0.2,1260,0.249609375,0.0003,0.1991010308265686,0.03654662,-0.041422699298709634,0.3703177571296692,-1.34682776927948
11.468460950000003,7,49,13.96,1610,0.95,32768,1.85003422498703,0.2,1270,0.2375,0.0003,0.7594434022903442,0.023449086,-0.03467241867911071,0.22449839115142822,-1.276172235608101
11.283696809999999,7,50,14.56,1609,0.94,33024,3.2439308404922484,0.2,1280,0.151171875,0.0003,0.9589810967445374,0.017816667,-0.027904287655837835,0.33817821741104126,-1.3999136418104172
11.31620115,8,51,15.09,1607,0.94,33280,3.2514188468456267,0.2,1290,0.19296875,0.0003,1.133009433746338,0.026939046,-0.03517581394407898,0.3294488191604614,-1.2454416871070861
11.498165859999997,8,52,12.87,1605,0.95,33536,2.193572410941124,0.2,1300,0.2421875,0.0003,0.6303062438964844,0.029193308,-0.04032821478322148,0.010725736618041992,-1.2786526679992676
11.547736600000002,8,53,12.72,1604,0.95,33792,0.7963654160499573,0.2,1310,0.209375,0.0003,0.12713061273097992,0.03560445,-0.046627258486114445,-0.11999070644378662,-1.229281097650528
11.287491249999999,8,54,13.13,1604,0.93,34048,1.7052303194999694,0.2,1320,0.18828125,0.0003,0.438681036233902,0.027560037,-0.04076216092798859,0.334644615650177,-1.3702139168977738
11.483414599999998,8,55,13.4,1602,0.94,34304,2.5639467984437943,0.2,1330,0.10625,0.0003,0.5660715103149414,0.014213913,-0.02479003877379,0.49623823165893555,-1.2978002548217773
11.047053569999997,8,56,14.2,1600,0.91,34560,4.334881609678268,0.2,1340,0.190625,0.0003,1.445312738418579,0.024282534,-0.03837381615303457,0.10347360372543335,-1.2571131706237793
11.044113430000003,9,57,14.04,1597,0.91,34816,4.424050921201706,0.2,1350,0.138671875,0.0003,1.875436782836914,0.02058296,-0.0340212827315554,0.44279229640960693,-1.3337432861328125
10.993697070000001,9,58,13.47,1592,0.91,35072,2.82144455909729,0.2,1360,0.088671875,0.0003,0.4437078535556793,0.017730601,-0.028325382783077658,-0.5446447134017944,-1.2135934084653854
11.28514105,9,59,12.39,1589,0.93,35328,2.2425804823637008,0.2,1370,0.146875,0.0003,0.6509047150611877,0.020004837,-0.03402032924350351,0.5815116167068481,-1.2761534452438354
11.731845219999999,9,60,11.6,1588,0.96,35584,0.9377283811569214,0.2,1380,0.20625,0.0003,0.16718538105487823,0.031161882,-0.045401749387383464,0.37193477153778076,-1.2380054652690888
11.876593630000002,9,61,11.53,1587,0.97,35840,0.9792656376957893,0.2,1390,0.221875,0.0003,0.30198556184768677,0.031181656,-0.04263055929914117,0.2903814911842346,-1.2240529775619506
12.030615579999996,10,62,11.92,1585,0.98,36096,1.8035821467638016,0.2,1400,0.148046875,0.0003,0.6368052363395691,0.03982225,-0.0384300678037107,0.38937443494796753,-1.2639786630868912
12.196127650000001,10,63,12.73,1584,0.99,36352,1.0542809784412384,0.2,1410,0.262109375,0.0003,0.393917977809906,0.05134647,-0.04573593717068434,0.09794175624847412,-1.1504013568162919
12.041539309999996,10,64,13.01,1582,0.98,36608,0.8631639629602432,0.2,1420,0.304296875,0.0003,0.33314046263694763,0.036610153,-0.04521672679111362,0.1919143795967102,-1.279134786128998
11.91181241,10,65,12.96,1582,0.97,36864,1.1080950692296028,0.2,1430,0.290234375,0.0003,0.23647290468215942,0.04803852,-0.04703414791729301,0.31683194637298584,-1.322023656964302
11.97092503,10,66,13.21,1581,0.97,37120,1.109938408434391,0.2,1440,0.261328125,0.0003,0.21676574647426605,0.03902128,-0.05422236169688403,0.39947909116744995,-1.2946377456188203
11.9513287,10,67,12.94,1580,0.97,37376,1.6097769290208817,0.2,1450,0.1734375,0.0003,0.3011738657951355,0.02596754,-0.029492482240311802,0.5634622573852539,-1.2060948878526687
11.77173559,11,68,13.2,1579,0.96,37632,0.8391016006469727,0.2,1460,0.1765625,0.0003,0.13763800263404846,0.027383015,-0.04226520201191306,-0.41384589672088623,-1.2139917612075806
11.314885400000003,11,69,14.48,1578,0.93,37888,2.223608323931694,0.2,1470,0.121875,0.0003,0.4409119188785553,0.03156308,-0.03019976639188826,0.3653590679168701,-1.288873279094696
11.27443014,11,70,13.57,1575,0.93,38144,2.4566322416067123,0.2,1480,0.207421875,0.0003,0.7279974818229675,0.021173205,-0.03516511326888576,0.49879032373428345,-1.2863829284906387
11.249422969999998,11,71,12.88,1572,0.93,38400,1.6619604468345641,0.2,1490,0.11328125,0.0003,0.4452682435512543,0.013396716,-0.02635822738520801,0.3163476586341858,-1.1729909658432007
11.29646408,11,72,12.46,1570,0.93,38656,2.6056088328361513,0.2,1500,0.140234375,0.0003,0.5195996165275574,0.017501934,-0.03341868275310844,0.5854021310806274,-1.2479804158210754
11.59336362,11,73,11.65,1569,0.95,38912,1.349068632721901,0.2,1510,0.161328125,0.0003,0.4805675745010376,0.018812424,-0.036517728003673255,0.5804281234741211,-1.219312885403633
11.666691699999996,12,74,10.55,1568,0.96,39168,0.9566417157649993,0.2,1520,0.232421875,0.0003,0.24228481948375702,0.106515214,-0.04116569797042757,0.8315353989601135,-1.2545495003461837
11.68157205,12,75,11.51,1567,0.96,39424,1.3166158750653267,0.2,1530,0.196484375,0.0003,0.17546093463897705,0.026076013,-0.04051339824218303,0.7555915713310242,-1.3254947781562805
11.85890809,12,76,11.1,1567,0.97,39680,1.0764092475175857,0.2,1540,0.175,0.0003,0.3716316223144531,0.02485914,-0.03731943080201745,-0.28188514709472656,-1.2196069002151488
11.732424479999997,12,77,11.44,1567,0.96,39936,1.7387508198618888,0.2,1550,0.112890625,0.0003,0.4124765396118164,0.017391916,-0.025498549244366585,0.4655371904373169,-1.2466923147439957
11.59662213,12,78,12.46,1567,0.95,40192,3.688917425274849,0.2,1560,0.09375,0.0003,1.1690130233764648,0.011024294,-0.021629853127524256,0.2132047414779663,-1.3121889352798461
11.67949395,12,79,12.08,1566,0.95,40448,2.6186703115701677,0.2,1570,0.223828125,0.0003,0.6153600811958313,0.02806385,-0.04287697235122323,0.17740261554718018,-1.3442177295684814
11.256191059999999,0,1,12.86,2508,0.92,40704,1.743273312598467,0.2,1580,0.12734375,0.0003,0.3578154444694519,0.030060241,-0.03684745277278125,0.667769193649292,-1.216466960310936
10.63282645,0,2,14.45,1980,0.88,40960,5.098174101114273,0.2,1590,0.115234375,0.0003,1.4731800556182861,0.013491704,-0.02393311382038519,0.3972305655479431,-1.3371452420949936
10.374244589999998,0,3,15.45,1864,0.86,41216,6.136947447061539,0.2,1600,0.105078125,0.0003,1.6400585174560547,0.013561875,-0.02328747194260359,0.3404540419578552,-1.3207019180059434
9.94320922,0,4,17.29,1816,0.83,41472,4.806649947166443,0.2,1610,0.074609375,0.0003,1.530989408493042,0.014536539,-0.021635556989349426,0.5796326398849487,-1.2234675705432891
9.492956730000001,0,5,18.47,1768,0.8,41728,5.102189761400223,0.2,1620,0.095703125,0.0003,0.960605263710022,0.013176926,-0.025697823404334484,0.5920625925064087,-1.4384334594011308
9.626921119999999,0,6,18.84,1748,0.81,41984,9.00800866484642,0.2,1630,0.191015625,0.0003,1.927707314491272,0.024391381,-0.04165745556820184,0.16185134649276733,-1.2544515579938889
9.013360960000002,1,7,20.2,1729,0.77,42240,4.106289035081863,0.2,1640,0.221875,0.0003,1.106050729751587,0.024575837,-0.03742367301601916,0.35201096534729004,-1.48461874127388
8.563949220000001,1,8,21.94,1709,0.74,42496,4.7807757437229155,0.2,1650,0.101953125,0.0003,1.2562110424041748,0.0149551295,-0.019253998959902673,0.6867212057113647,-1.2195129185914992
8.426659289999998,1,9,23.52,1693,0.73,42752,7.100823873281479,0.2,1660,0.129296875,0.0003,1.848907232284546,0.017523363,-0.034024186246097085,0.3323368430137634,-1.2763031810522079
8.08638677,1,10,25.67,1688,0.71,43008,4.677637094259262,0.2,1670,0.15859375,0.0003,1.2296148538589478,0.016763328,-0.030930476216599345,-0.22017598152160645,-1.4387614011764527
8.54544367,1,11,25.28,1680,0.74,43264,6.391982930898666,0.2,1680,0.159765625,0.0003,1.4940743446350098,0.022781778,-0.03236676747910679,-0.05663561820983887,-1.3677713602781296
8.665016260000002,1,12,25.81,1678,0.75,43520,3.926007571816444,0.2,1690,0.151953125,0.0003,0.8130438327789307,0.019818593,-0.027666505589149893,0.010823547840118408,-1.3819495856761932
9.17085921,1,13,24.2,1673,0.78,43776,4.943542110919952,0.2,1700,0.1484375,0.0003,1.6119333505630493,0.015256938,-0.02456215398851782,0.1842619776725769,-1.1194328770041466
9.681482719999998,2,14,23.72,1668,0.81,44032,4.732038998603821,0.2,1710,0.139453125,0.0003,1.4786096811294556,0.018319376,-0.029286700231023133,0.3822286128997803,-1.2061548113822937
9.44179019,2,15,23.84,1666,0.79,44288,3.6229810625314713,0.2,1720,0.17734375,0.0003,0.8440238237380981,0.041146018,-0.03908230180386454,0.06903308629989624,-1.2737618923187255
9.936230539999999,2,16,22.4,1658,0.82,44544,2.9559002429246903,0.2,1730,0.20234375,0.0003,0.9112968444824219,0.027876554,-0.03671870627440512,0.41988539695739746,-1.2630047708749772
9.90337604,2,17,22.65,1656,0.82,44800,4.2904233753681185,0.2,1740,0.14921875,0.0003,0.9082382321357727,0.031757668,-0.03250822306144983,0.3391474485397339,-1.2721989512443543
10.231137979999998,2,18,20.51,1652,0.84,45056,2.865796285867691,0.2,1750,0.09921875,0.0003,1.0751967430114746,0.011872377,-0.02265729543287307,0.5479588508605957,-1.1304952591657638
9.81318123,2,19,21.18,1652,0.81,45312,3.9780513435602187,0.2,1760,0.103125,0.0003,1.0529118776321411,0.010770733,-0.02441578081343323,0.39989006519317627,-1.2505226135253906
9.9746357,3,20,20.23,1649,0.82,45568,5.991660535335541,0.2,1770,0.08046875,0.0003,0.6856656670570374,0.010754409,-0.01845817972207442,0.6121479272842407,-1.2789639204740524
9.3292263,3,21,21.36,1650,0.78,45824,7.608758533000946,0.2,1780,0.083984375,0.0003,2.381723165512085,0.012137887,-0.021514227939769627,0.46335041522979736,-1.2583771616220474
9.30209336,3,22,21.72,1650,0.78,46080,5.564004537463188,0.2,1790,0.088671875,0.0003,0.9141448140144348,0.013839809,-0.019178914261283354,0.7200694680213928,-1.3111247956752776
9.45477096,3,23,21.94,1649,0.79,46336,7.079374355077744,0.2,1800,0.16640625,0.0003,1.90382719039917,0.015616941,-0.03476171330548823,-0.044403791427612305,-1.18168802857399
9.69862409,3,24,21.37,1644,0.81,46592,6.192076659202575,0.2,1810,0.123046875,0.0003,1.3818604946136475,0.021757156,-0.0357861299533397,0.2986587882041931,-1.312330749630928
9.774944909999999,3,25,20.83,1641,0.81,46848,4.5748736441135405,0.2,1820,0.181640625,0.0003,1.2080434560775757,0.016009392,-0.030081492592580618,0.5916198492050171,-1.2890345096588134
9.820642509999999,4,26,20.68,1640,0.81,47104,4.531874236464501,0.2,1830,0.10703125,0.0003,0.8918600678443909,0.015947802,-0.027131021243985743,0.7545347213745117,-1.1959925711154937
9.772838790000002,4,27,21.23,1641,0.81,47360,5.193937981128693,0.2,1840,0.208203125,0.0003,1.020082712173462,0.015856666,-0.03861422906629741,0.6427969336509705,-1.285254356265068
9.946528500000001,4,28,21.47,1638,0.82,47616,4.620770207047462,0.2,1850,0.123046875,0.0003,0.6999990344047546,0.0136556495,-0.022626819484867156,0.5003877878189087,-1.2317096948623658
9.57402727,4,29,21.81,1639,0.8,47872,3.3151737570762636,0.2,1860,0.208203125,0.0003,0.4859493672847748,0.023710776,-0.045277054281905295,0.5776824951171875,-1.312469843029976
10.04944276,4,30,21.78,1640,0.83,48128,10.027206242084503,0.2,1870,0.062109375,0.0003,2.0748305320739746,0.011680037,-0.01938962433487177,0.5080037117004395,-1.1402949005365373
10.07315396,4,31,20.91,1640,0.83,48384,8.414927715063095,0.2,1880,0.130078125,0.0003,1.9289767742156982,0.013982492,-0.02460355784278363,0.46296918392181396,-1.1403751105070115
10.07403111,5,32,21.33,1636,0.83,48640,3.210631975531578,0.2,1890,0.176953125,0.0003,0.9845073223114014,0.028038267,-0.037967992341145874,0.5911189913749695,-1.2302610993385314
9.934507240000002,5,33,22.39,1637,0.82,48896,7.0011200428009035,0.2,1900,0.146875,0.0003,1.7957265377044678,0.02830088,-0.03604193979408592,0.45832741260528564,-1.2861630886793136
9.39488446,5,34,23.19,1638,0.79,49152,7.530962437391281,0.2,1910,0.171484375,0.0003,2.404682159423828,0.022071503,-0.03197254056576639,0.3865243196487427,-1.2825135111808776
9.363569100000001,5,35,23.5,1639,0.79,49408,6.803057372570038,0.2,1920,0.1078125,0.0003,2.668760061264038,0.012901283,-0.023854434210807084,0.6095358729362488,-1.3986230581998824
9.154537499999998,5,36,23.3,1639,0.77,49664,8.340709042549133,0.2,1930,0.132421875,0.0003,2.8196821212768555,0.013710037,-0.033125640475191176,0.5575826168060303,-1.2667169094085693
9.315841220000001,5,37,23.57,1640,0.78,49920,8.094940876960754,0.2,1940,0.08203125,0.0003,3.151970863342285,0.012059804,-0.022147352725733073,0.7233895659446716,-1.2332287073135375
9.17206971,5,38,24.42,1640,0.77,50176,6.873546075820923,0.2,1950,0.150390625,0.0003,2.4113221168518066,0.019482987,-0.032338372874073686,0.21011137962341309,-1.3210523694753646
9.68208532,6,39,23.4,1640,0.8,50432,8.691739469766617,0.2,1960,0.114453125,0.0003,2.3819355964660645,0.01907317,-0.02452562004327774,0.5492979288101196,-1.283401420712471
9.074380940000001,6,40,23.97,1639,0.76,50688,6.774358075857163,0.2,1970,0.11484375,0.0003,1.9463847875595093,0.019958964,-0.030797494272701443,-0.38625967502593994,-1.202885815501213
8.909027080000001,6,41,24.32,1638,0.75,50944,6.485863107442856,0.2,1980,0.08984375,0.0003,1.4105861186981201,0.013006999,-0.02235232279635966,0.7276003360748291,-1.2550237774848938
8.622649200000001,6,42,25.01,1639,0.73,51200,9.007852005958558,0.2,1990,0.13984375,0.0003,2.946716070175171,0.013153403,-0.03155247285030782,0.4891722798347473,-1.206518319249153
9.25414868,6,43,23.23,1639,0.77,51456,5.821801191568374,0.2,2000,0.1625,0.0003,1.5738308429718018,0.022105971,-0.032128821359947324,0.7004570960998535,-1.3086098790168763
9.278210909999999,6,44,24.0,1638,0.77,51712,7.100711756944657,0.2,2010,0.101171875,0.0003,1.687725305557251,0.018947165,-0.02251456519588828,0.6696293354034424,-1.1097039431333542
9.30361988,7,45,24.28,1639,0.77,51968,7.209935081005097,0.2,2020,0.158203125,0.0003,2.333949089050293,0.019378461,-0.02914290581829846,0.44785284996032715,-1.283349558711052
9.22917961,7,46,23.8,1640,0.77,52224,9.171249163150787,0.2,2030,0.10625,0.0003,3.772608995437622,0.011745459,-0.02406181525439024,0.5525665879249573,-1.1888755410909653
9.19009715,7,47,23.21,1641,0.77,52480,8.201557379961013,0.2,2040,0.089453125,0.0003,2.292436361312866,0.013557922,-0.025623777695000172,0.601021409034729,-1.294471761584282
8.931901759999999,7,48,23.21,1640,0.75,52736,10.780444955825805,0.2,2050,0.1734375,0.0003,3.2991368770599365,0.017415341,-0.03223114374559373,0.5751932859420776,-1.369249275326729
9.236021639999999,7,49,23.05,1639,0.77,52992,13.180611407756805,0.2,2060,0.19375,0.0003,2.83864688873291,0.018676136,-0.038743035914376375,0.583591639995575,-1.3129427284002304
9.044951430000001,7,50,23.43,1640,0.76,53248,12.91736181974411,0.2,2070,0.1796875,0.0003,3.447655439376831,0.018092245,-0.033028593938797715,0.4679771661758423,-1.3077617913484574
9.528768119999999,7,51,22.01,1638,0.79,53504,5.568477541208267,0.2,2080,0.195703125,0.0003,1.209068775177002,0.040707152,-0.04156127267051488,0.8128143548965454,-1.2534216284751891
9.548919799999998,8,52,22.35,1637,0.79,53760,11.01524178981781,0.2,2090,0.079296875,0.0003,3.0143861770629883,0.006693733,-0.020009050634689628,0.49146729707717896,-1.2731217056512834
9.361654119999999,8,53,22.63,1638,0.78,54016,12.317357504367829,0.2,2100,0.074609375,0.0003,4.835279941558838,0.011106332,-0.024156153830699623,0.24187088012695312,-1.1096090972423553
9.52609893,8,54,21.96,1638,0.79,54272,12.634134125709533,0.2,2110,0.094921875,0.0003,3.251211643218994,0.014794941,-0.025761905685067178,0.4922306537628174,-1.2455076277256012
9.38766154,8,55,20.86,1637,0.78,54528,6.70183989405632,0.2,2120,0.096875,0.0003,1.682074785232544,0.01097256,-0.02611729733180255,0.40117257833480835,-1.2031911849975585
9.79849231,8,56,20.21,1636,0.81,54784,8.177798688411713,0.2,2130,0.121484375,0.0003,2.562668800354004,0.016760249,-0.025912120612338184,0.785514235496521,-1.142576989531517
9.92863855,8,57,20.58,1637,0.82,55040,6.039365690946579,0.2,2140,0.187890625,0.0003,1.6820224523544312,0.019902626,-0.03752791630104184,-0.26593029499053955,-1.2222323358058929
9.959306940000001,9,58,20.4,1637,0.82,55296,7.769932299852371,0.2,2150,0.13359375,0.0003,1.5649354457855225,0.017294003,-0.025836561154574157,0.25787800550460815,-1.2536580979824066
9.487096890000002,9,59,22.01,1638,0.79,55552,5.806350272893906,0.2,2160,0.156640625,0.0003,1.3792520761489868,0.015128104,-0.030794492294080555,0.5880765914916992,-1.2552483409643174
9.62950476,9,60,21.31,1637,0.8,55808,8.770874720811843,0.2,2170,0.1625,0.0003,2.018213987350464,0.016708754,-0.0318750383798033,0.048697471618652344,-1.160315065085888
9.473870470000001,9,61,21.87,1638,0.79,56064,7.311791121959686,0.2,2180,0.1734375,0.0003,2.837822437286377,0.020825457,-0.0382517424877733,0.5963848829269409,-1.2200109481811523
9.46250611,9,62,21.76,1638,0.79,56320,9.083143794536591,0.2,2190,0.1765625,0.0003,3.0415897369384766,0.021446807,-0.03312105896184221,0.6609706878662109,-1.3268768221139908
9.780646559999997,9,63,21.88,1639,0.81,56576,6.0684989631176,0.2,2200,0.179296875,0.0003,1.5748026371002197,0.023003846,-0.03465668468270451,0.6419637799263,-1.26211921274662
9.8804123,10,64,21.85,1638,0.82,56832,4.566438925266266,0.2,2210,0.197265625,0.0003,1.3113337755203247,0.03236702,-0.041432898095808926,-0.4217575788497925,-1.2052563726902008
9.991018149999999,10,65,21.48,1637,0.83,57088,4.105119574069977,0.2,2220,0.155078125,0.0003,1.1054662466049194,0.020282062,-0.034040062775602564,0.7135523557662964,-1.2335340529680252
10.033039919999998,10,66,21.77,1638,0.83,57344,4.635724860429764,0.2,2230,0.13828125,0.0003,1.484236478805542,0.02129731,-0.02757422807626426,-0.1501835584640503,-1.1919828355312347
10.737295360000003,10,67,19.92,1638,0.87,57600,8.425602042675019,0.2,2240,0.243359375,0.0003,2.0415852069854736,0.018333388,-0.03541392586193979,0.4138827919960022,-1.2944109737873077
10.894219930000002,10,68,19.97,1637,0.88,57856,5.490158075094223,0.2,2250,0.218359375,0.0003,2.2229440212249756,0.033173665,-0.047816630778834225,0.6096780896186829,-1.0700062960386276
11.10156285,10,69,18.71,1637,0.89,58112,2.4132480561733245,0.2,2260,0.2140625,0.0003,0.8691869974136353,0.033336554,-0.04383930714102462,0.5817981958389282,-1.1125581562519073
10.772126589999997,10,70,19.4,1637,0.87,58368,4.112548270821572,0.2,2270,0.20546875,0.0003,1.0332837104797363,0.018548414,-0.03241061856970191,0.6928629875183105,-1.1950455218553544
10.607357010000001,11,71,18.83,1637,0.86,58624,11.112333726882934,0.2,2280,0.1375,0.0003,3.5696117877960205,0.01218277,-0.024573032022453846,0.4835561513900757,-1.2277511268854142
10.37967547,11,72,19.8,1636,0.84,58880,7.856932497024536,0.2,2290,0.16015625,0.0003,1.810592532157898,0.021694291,-0.029592227446846663,0.5981117486953735,-1.1718536913394928
10.51014619,11,73,18.17,1636,0.85,59136,7.542933213710785,0.2,2300,0.16484375,0.0003,1.5994656085968018,0.017266314,-0.037782058026641606,0.4867318868637085,-1.2745036244392396
9.98630518,11,74,18.31,1636,0.83,59392,5.893996131420136,0.2,2310,0.14765625,0.0003,1.134682536125183,0.022138644,-0.029906719317659737,0.7039070129394531,-1.1321679562330247
9.91612845,11,75,18.14,1636,0.83,59648,7.541011577844619,0.2,2320,0.081640625,0.0003,1.305972933769226,0.014390208,-0.01801477689296007,0.637509822845459,-1.1889825612306595
9.47970396,11,76,19.07,1636,0.81,59904,7.630463230609894,0.2,2330,0.158984375,0.0003,2.174323320388794,0.02307406,-0.03255421184003353,0.5422134399414062,-1.1490153074264526
9.735447630000001,12,77,19.06,1636,0.83,60160,7.933148914575577,0.2,2340,0.1640625,0.0003,3.441649913787842,0.015879216,-0.022857156302779912,0.6845378875732422,-1.26356283724308
9.617675840000002,12,78,19.1,1636,0.82,60416,12.424611353874207,0.2,2350,0.097265625,0.0003,2.235888957977295,0.018585762,-0.02715997996274382,-0.06828582286834717,-1.1126219153404235
9.43103454,12,79,20.26,1637,0.81,60672,7.32660145163536,0.2,2360,0.137890625,0.0003,1.7232877016067505,0.017000955,-0.02805056921206415,0.6545979380607605,-1.2389425933361053
